
Chapter 
넘버투 PHP 
10 
데이터 삽입 
테이블은 열 (Rows) 기준으로 다수의 데이터를 각각의 컬럼에 맞게 가지고 있습니다. 열 (rows)은 다른 말로 레코드라고 부릅니다. 레코드는 데이터베이스의 기본 저장 단위입 니다. 
데이터 레코드는 한 줄로 처리하며, 한 줄의 레코드는 여러 개의 컬럼 데이터로 구성됩 니다. 그리고 테이블은 레코드의 집합입니다. 
10.1.전체 삽입 
테이블에 새로운 데이터를 삽입해 봅니다. SQL 쿼리 명령 INSERT INTO 는 테이블에 새 로운 레코드를 삽입합니다. 기본적으로 한 줄의 컬럼을 묶어 레코드를 삽입합니다. 
| 쿼리 문법 | 
INSERT INTO 테이블명 VALUES (value1, value2, value3, ...); 
위의 INSERT INTO 기본 문법은 VALUES () 괄호 안의 데이터를 모든 컬럼을 대상으로 순 차적으로 값을 1:1로 대입하여 입력을 처리합니다. 각각의 데이터는 콤마(,)로 구분합니다. 
10.1.1 쿼리 실습 
입력되는 데이터는 테이블의 컬럼의 개수와 데이터 개수가 일치해야 합니다. 만일 컬럼의 
개수와 데이터의 개수가 일치하지 않으면 삽입 명령 쿼리는 오류를 발생합니다. 먼저 테 
이블의 컬럼의 정보를 확인하기 위해서 DESC 명령을 실행합니다. 
| 콘솔 실습 화면 | 
mysql> desc members; +-----------+--------------+------+-----+---------+----------------+ | Field | Type | Null | Key | Default | Extra | +-----------+--------------+------+-----+---------+----------------+ | Id | int(11) | NO | PRI | NULL | auto_increment | 
| LastName  | varchar(255) | YES |  | NULL  |  |  
| FirstName | varchar(255) | YES |  | NULL  |  |  
| Address  | varchar(255) | YES |  | NULL  |  |  
| City    | varchar(255) | YES |  | NULL  |  |  
| Country    | varchar(255) | YES |  | NULL  |  |  

+-----------+--------------+------+-----+---------+----------------+ 6 rows in set (0.02 sec) 
컬럼 필드의 개수에 맞게 insert into 삽입을 명령합니다. 
| 예제 쿼리 | 
insert into members values ('','hojin','lee','shinchon','seoul','korea'); 
| 콘솔 실습 화면 | 
mysql> insert into members values ('','hojin','lee','shinchon','seoul','k orea'); Query OK, 1 row affected, 1 warning (0.01 sec) 
데이터 삽입이 정상적으로 처리되었습니다. 정상적으로 입력이 되었는지 select를 통하 
여 입력된 데이터를 확인합니다. 
| 콘솔 실습 화면 | 
mysql> select * from members; +-----+-----------+------------+-----------+--------+----------+ | Id | LastName | FirstName | Address | City | Country | +-----+-----------+------------+-----------+--------+----------+ | 1 | hojin | lee | shinchon | seoul | korea | +-----+-----------+------------+-----------+--------+----------+ 1 row in set (0.00 sec) 
입력한 데이터가 잘 저장되었습니다. 
10.2.선택 삽입 
첫 번째 데이터 삽입 방법은 컬럼 개수에 맞게 전체의 데이터를 입력하는 방식이었습 
니다. 데이터를 입력하다 보면 전체의 데이터를 모두 입력할 필요가 없는 경우도 많습 
니다. 
INSERT 쿼리 명령 시 테이블 이름 뒤에 괄호를 이용하여 입력하고자 하는 컬럼명을 지정 
할 수 있습니다. 지정된 컬럼만 선택되어 데이터를 삽입하게 됩니다. 이때도 지정한 컬럼 
의 개수와 데이터의 개수는 일치해야 합니다. 
| 쿼리 문법 | 
INSERT INTO 테이블명 (컬럼명1, 컬럼명2, 컬럼명3, ...) VALUES (value1, value2, value3, ...); 
10.2.1 쿼리 실습 
컬럼을 선택하여 입력할 때는 테이블의 컬럼의 순서와 상관없습니다. 
| 예제 쿼리 | 
insert into members (LastName,Country) values ('jiny','korea'); 
선언한 순서대로 1:1로 매칭이 되어 데이터 값이 입력됩니다. 
| 콘솔 실습 화면 | 
mysql> insert into members (LastName,Country) values ('jiny','korea'); Query OK, 1 row affected (0.00 sec) 
정상적으로 데이터 입력 쿼리가 실행되었습니다. Select 명령을 통하여 데이터를 확인해 
봅니다. 
| 콘솔 실습 화면 | 
mysql> select * from members; +-----+-----------+------------+-----------+--------+----------+ | Id | LastName | FirstName | Address | City | Country | +-----+-----------+------------+-----------+--------+----------+ | 1 | hojin | lee | shinchon | seoul | korea | | 2 | jiny | NULL | NULL | NULL | korea | +-----+-----------+------------+-----------+--------+----------+ 2 rows in set (0.00 sec) 
우리는 테이블의 모든 컬럼에 데이터를 저장하지 않았습니다. 결과를 보면 입력한 값 이 
외의 필드에는 NULL로 채워집니다. 
10.2.2 PHP 실습 
PHP코드를 통하여 데이터를 삽입하도록 합니다. 관련 메서드를 생성하여 소스에 적용합 니다. 
| PHP 예제 | 
mysql.class.php 파일에 메서드 예제를 추가합니다. 
// array 배열 기반 insert 쿼리를 생성합니다. public function arrQueryInsert($tbname, $arr) { 
$arrKey = array_keys($arr); 
for ($i=0;$i<count($arr);$i++) { echo $arrKey[$i]."<br>"; $key = $arrKey[$i]; $insert_filed .= "`".$key."`,"; $insert_value .= "'".$arr[$key]."',"; 
} 
$queryString = "INSERT INTO ".$tbname. 
" ($insert_filed) VALUES ($insert_value);"; $queryString = str_replace(",)",")",$queryString); return $queryString; 
} 
// 어레이 데이터를 insert 쿼리로 삽입합니다. public function arrInsert($tbname, $arr) { 
if ($tbname) { $queryString = $this->arrQueryInsert($tbname, $arr); 
// 쿼리를 전송합니다. 
if (mysqli_query($this->dbcon, $queryString)=== TRUE) { $this->msgEcho("쿼리 성공] ".$queryString); $this->msgEcho("데이터 삽입!"); 
// 객체 반환, 메서드 체인 
return $this; 
} else { $this->msgEcho("Error] ".$queryString); } 
} else { $this->msgEcho("Error] 테이블 이름이 없습니다."); } 
} 
예제 파일 | insert-01.php 
1 <?php 2 3 include "dbinfo.php"; 4 include "mysql.class.php"; 5 6 // ++ Mysqli DB 연결. 7 $db = new JinyMysql(); 8 9 // 어레이 배열의 키/값을 통하여 데이터를 삽입합니다. 10 $tbname = "members"; 11 $arr = array('FirstName' => "jiny", 'LastName' => "1234"); 12 $db->arrInsert($tbname,$arr); 13 14 ?> 

화면 출력 
mysql connected! FirstName LastName 새로운 데이터를 삽입합니다. 쿼리 성공] INSERT INTO members (`FirstName`,`LastName`) VALUES ('jiny','1234') 
10.3.다중 삽입 
기본적으로 INSERT 명령은 하나의 데이터 세트를 저장합니다. 하지만 컬럼의 개수가 일정한 다수의 데이터는 다음과 같이 콤마로 구분하여 복수의 데이터를 입력할 수 있습 
니다. 
| 쿼리 문법 | 
INSERT INTO 테이블명 VALUES (value1, value2, value3, ...), (value1, value2, value3, ...), (value1, value2, value3, ...); 
위처럼 기존 INSERT INTO 문구에서 데이터 블록을 콤마 (,)로 구분하여 여러 데이터를 한 번에 입력할 수 있는 문법을 만들 수 있습니다. 
10.3.1 쿼리 실습 
2개의 데이터를 하나의 INSERT 쿼리를 생성하여 저장합니다. 
| 예제 쿼리 | 
insert into members values ('','james','kim','youngdun-po','seoul','korea'), ('','eric','jung','seocho-gu','seoul','korea'); 
2개의 데이터는 ‘괄호 + 콤마 + 괄호’ 형태로 구분됩니다. 
| 콘솔 실습 화면 | 
mysql> insert into members values ('','james','kim','youngdun­po','seoul','korea'), ('','eric','jung','seocho-gu','seoul','korea'); 
Query OK, 2 rows affected, 2 warnings (0.00 sec) Records: 2 Duplicates: 0 Warnings: 2 
쿼리가 정상적으로 수행되었습니다. 또한 2개의 데이터가 저장되었다고 결과도 함께 출 
력합니다. SELECT 명령을 통하여 입력한 데이터를 확인해 봅니다. 
| 콘솔 실습 화면 | 
mysql> select * from members; +-----+-----------+------------+-------------+--------+----------+ | Id | LastName | FirstName | Address | City | Country | +-----+-----------+------------+-------------+--------+----------+ 
| 1  | hojin  | lee  | shinchon  | seoul | korea  |  
| 2  | jiny  | NULL  | NULL  | NULL  | korea  |  
| 3  | james  | kim  | youngdun-po | seoul | korea  |  
| 4  | eric  | jung  | seocho-gu  | seoul | korea  |  

+-----+-----------+------------+-------------+--------+----------+ 4 rows in set (0.00 sec) 
10.4.최신 Id 확인 
테이블에는 기본적으로 각각의 열을 구분하는 프라이머리 키 컬럼이 있습니다. 또한 이 키 값은 자동증가 제약사항 속성이 설정되어 있습니다. 자동 증가되는 프라이머리 키는 새로운 데이터를 삽입할 때마다 + 1씩 증가가 됩니다. 또한 새로운 데이터를 저장할 때 프 라이머리 키 값은 자동 증가되기 때문에 생략하고 저장합니다. 
이렇게 생략된 프라이머리 키 값을 새로운 데이터 저장 후에 확인할 수 있습니다. 최신 증 가된 프라이머리 키 값을 확인하는 이유는 데이터 삽입과 동시에 삽입한 데이터를 수정, 다른 테이블에 연결하는 등의 작업이 필요한 경우입니다. 
10.4.1 PHP 실습 
새롭게 추가된 데이터의 최신 프라이머리 Id는 PHP의 제공된 함수를 통하여 확인할 수 있습니다. 
| PHP 예제 | 
mysql.class.php 파일에 메서드 예제를 추가합니다. 
// 마지막 삽입된 Id 값 확인 public function insertId(){ return mysqli_insert_id($this->dbcon); } 
예제 파일 | insert-02.php 
1 <?php 2 3 include "dbinfo.php"; 4 include "mysql.class.php"; 5 6 // ++ Mysqli DB 연결. 7 $db = new JinyMysql(); 8 9 // 어레이 배열의 키/값을 통하여 데이터를 삽입합니다. 10 $tbname = "members"; 11 $arr = array('FirstName' => "jiny", 'LastName' => "123400"); 12 $db->arrInsert($tbname,$arr); 13 14 echo "마지막 Id = ".$db->insertID(); 15 16 ?> 

화면 출력 
mysql connected! FirstName LastName 쿼리 성공] INSERT INTO members (`FirstName`,`LastName`) VALUES ('jiny','123400'); 데이터 삽입! 마지막 Id = 7 
10.5.Prepared 
웹과 같이 외부와 공개된 상태에서 데이터 값을 입력받아 삽입 쿼리를 생성을 하는 것은 다소 위험할 수 있습니다. 악의적인 사용자는 데이터의 입력에 SQL쿼리 오류를 발생할 수 있는 코드를 삽입하여 해킹을 시도할 수 있습니다. 
MySQLi는 이러한 안전한 쿼리를 생성할 수 있도록 Prepared라는 SQL 인젝션 공격을 대비할 수 있는 메서드를 제공합니다. prepared 메서드 기능을 사용하기 위해서는 쿼리 의 문장을 생성하는 prepared와 테이터를 연결하는 Bound 매개변수로 구성됩니다. 
또한 한 번 설정한 prepared 기능은 유사한 SQL문을 반복적으로 재사용할 수 있습니다. SQL 쿼리의 오류 및 코드를 효율적으로 작성할 수 있습니다. 
예제 파일 | prepared.php 
1 <?php 2 $servername = "localhost"; 3 $username = "username"; 4 $password = "password"; 5 $dbname = "myDB"; 6 7 // Create connection 8 $conn = new mysqli($servername, $username, $password, $dbname); 9 10 // Check connection 11 if ($conn->connect_error) { 12 die("Connection failed: " . $conn->connect_error); 
13 } 14 15 // prepare and bind 16 $stmt = $conn->prepare("INSERT INTO members (firstname, lastname, 
email) VALUES (?, ?, ?)"); 17 $stmt->bind_param("sss", $firstname, $lastname, $email); 18 19 // set parameters and execute 20 // 데이터1 21 $firstname = "jiny"; 22 $lastname = "lee"; 23 $email = "jiny@hojin.io"; 
24 $stmt->execute(); 25 26 // 데이터2 27 $firstname = "hojin"; 28 $lastname = "lee"; 29 $email = "hojin@hojin.io"; 30 $stmt->execute(); 31 32 $stmt->close(); 33 $conn->close(); 34 ?> 
위의 예제에서 데이터 삽입을 위한 기본 쿼리를 생성합니다. 쿼리는 다음과 같습니다. 
"INSERT INTO members (firstname, lastname, email) VALUES (?, ?, ?)" 
쿼리에는 이상한 물음표 (?) 기호가 들어 있습니다. 물음표 기호는 인젝션 공격을 대비하고 실제적인 데이터가 들어가는 자리입니다. 물음표는 정수, 문자열 등 다양한 데이터로 대 체될 수 있습니다. 
prepare를 통하여 쿼리 설정이 되었다면 두 번째로 실제적인 데이터가 들어가는 바인딩 설정을 합니다. bind_param() 함수는 다음과 같이 설정됩니다. 
$stmt->bind_param("sss", $firstname, $lastname, $email); 
첫 번째 인자로는 바인딩 데이터의 데이터 타입을 설정합니다. 그 뒤에 바인딩되는 데이 터들을 매개변수 인자로 전달합니다. 
바인딩 함수의 데이터 타입은 약자를 이용하여 사용합니다. 인수 ‘sss’는 바인딩되는 데이 터의 타입을 지정하는 것입니다. 위의 세 가지 데이터 모두 스트링이기 때문에 sss로 지정 합니다. 바인딩 데이터 타입은 네 가지가 있습니다. 
● i -integer 
● d -double 
● s -string 
● b -BLOB 

10.6.우선 표현 
컬럼 선택적인 INSERT 쿼리문을 작성하여 데이터를 삽입할 때 컬럼명과 데이터는 1:1로 매칭됩니다. 이때 매칭된 컬럼 값을 이용하여 데이터 입력으로 재사용할 수 있습니다. 
다음은 2개의 값을 저장하는 INSERT문입니다. 
| 콘솔 실습 화면 | 
mysql> insert into board (level,pos) values (1,level+1); Query OK, 1 row affected (0.01 sec) 
위의 예에서는 level 값에 1을 저장하고, post 값은 앞에 설정한 level 값에 + 1을 더해서 
pos 값을 입력하라는 표현입니다. 
Select를 통하여 입력된 데이터를 확인해 봅니다. 
| 콘솔 실습 화면 | 
mysql> select * from board; +-----+-----------+---------+---------+--------+ | Id | regdate | title | level | pos | +-----+-----------+---------+---------+--------+ | 3 | NULL | NULL | 1 | 2 | +-----+-----------+---------+---------+--------+ 1 row in set (0.00 sec) 
level에는 1 값이 저장되고, pos에는 2 값이 저장되었습니다. 이렇게 입력한 값들의 서로 
연관성이 있는 경우 기존 매칭된 값을 이용하여 새로운 값을 삽입할 수 있습니다. 
10.7.처리 옵션 
새로운 데이터를 삽입할 때 동작을 지정할 수 있는 몇 가지의 옵션을 추가로 지원합니다. 
10.7.1 LOW_PRIORITY 
삽입 우선순위를 변경하여 처리합니다. 만일 누군가가 데이터를 읽기 작업을 하고 있으면 해당 작업들이 모두 끝날 때까지 삽입을 지연합니다. 
| 콘솔 실습 화면 | 
mysql> insert LOW_PRIORITY board (level,pos) values (1,level+1); Query OK, 1 row affected (0.00 sec) 
우선순위를 낮춰 작업하는 것은 수많은 사용자가 동시에 다수의 INSERT 작업이 이뤄질 때 INSERT 작업들을 모아서 처리하는 효과를 가져올 수 있습니다. 
한꺼번에 모아서 처리를 하는 것은 빠른 삽입 속도와 성능 향상을 기대할 수 있습니다. 
10.7.2 IGNORE 
데이터 중복 시 무시합니다. 이 옵션은 다수의 데이터를 테이블 삽입 시 발생될 수 있는 오류들을 예방할 수 있습니다. 예로 unique 속성을 가지는 프라이머리 키는 중복 입력이 되지 않기 때문에 MySQL은 삽입 실행 도중 에러를 출력하게 되고 중단합니다. 
하지만 IGNORE 옵션을 사용을 하게 되면 해당 데이터는 무시하고 다음 데이터로 넘어 가서 처리를 계속하게 됩니다. 
| 콘솔 실습 화면 | 
mysql> insert IGNORE board (level,pos) values (1,level+1); Query OK, 1 row affected (0.01 sec) 
10.8.REPLACE 
INSERT 쿼리를 생성할 때 중복을 허용하지 않는 프라이머리 키나 인덱스는 실행되지 않 습니다. 하지만 REPLACE 명령문은 중복된 인덱스 컬럼이 있을 경우 기존 데이터를 삭제 하고 새로운 데이터로 교체하게 됩니다. 
먼저 테이블의 데이터 내용을 확인해 봅니다. 
| 콘솔 실습 화면 | 
mysql> select * from board; +-----+----------+-------+-------+------+ | Id | regdate | title | level | pos | +-----+----------+-------+-------+------+ | 2 | NULL | NULL | 2 | 5 | | 3 | NULL | NULL | 1 | 2 | +----+---------+-------+-------+------+ 2 rows in set (0.00 sec) 
Id가 2로 중복된 데이터를 REPLACE로 삽입해 봅니다. 
| 콘솔 실습 화면 | 
mysql> REPLACE INTO board (Id, level,pos) values (2,21,53); Query OK, 2 rows affected (0.01 sec) 
오류가 나지 않고 정상적으로 수행되었습니다. Selelct 명령을 통하여 다시 한번 내용을 확인해 봅니다. 
| 콘솔 실습 화면 | 
mysql> select * from board; +-----+----------+-------+-------+------+ | Id | regdate | title | level | pos | +-----+----------+-------+-------+------+ | 2 | NULL | NULL | 21 | 53 | | 3 | NULL | NULL | 1 | 2 | +-----+----------+-------+-------+------+ 2 rows in set (0.00 sec) 
위의 실습에서는 인덱스가 2인 동일한 컬럼을 REPLACE를 통하여 기존에 데이터가 삭제 되고 새로운 데이터로 변경되는 것을 확인할 수 있습니다. 
