
Chapter 
넘버투 PHP 
12 
조건 
테이블에는 다수의 데이터 레코드 열 (rows)을 포함하고 있습니다. 우리가 복잡한 데이터 베이스 시스템을 사용하는 이유는 수많은 데이터 중에서 자신이 원하는 정보만을 추출하 여 처리하기 위해서입니다. 
테이블에서 원하는 데이터만을 추출하기 위해서는 데이터를 검색하고 필터링하는 조건이 필요합니다. 또한 다양한 조건을 처리하기 위해서 연산자를 사용하기도 합니다. 
12.1.where 
where 조건 키워드는 데이터를 검색 (Select), 수정(Update), 삭제(Delete)하는 데 공통적으 로 사용 가능한 조건 지정 키워드입니다. 
where 키워드는 SELECT, UPDATE, DELETE 쿼리 다음에 붙여서 사용할 수 있습니다. 
| 쿼리 문법 | 
SELECT, UPDATE, DELETE + WHERE 조건; 
12.1.1 쿼리 실습 
데이터를 조회하는 SELECT 쿼리 명령문에 조건을 추가하여 데이터를 검색해 보도록 하 겠습니다. 
| 예제 쿼리 | 
select * from members where City = 'seoul'; 
회원 (members) 테이블에서 도시가 seoul 인 회원만을 출력해 보도록 하겠습니다. 기존 
select 쿼리 뒤에 조건을 연결하여 지정하면 됩니다. 이때 = 기호는 정확히 문자열이 일 
치하는 조건을 뜻합니다. 
| 콘솔 실습 화면 | 
mysql> select * from members where City = 'seoul'; +----+----------+-----------+-------------+-------+---------+ | Id | LastName | FirstName | Address    | City | Country | +----+----------+-----------+-------------+-------+---------+ 
| 1 | hojin  | lee  | shinchon   | seoul | korea    |  
| 3 | james  | kim  | youngdun-po | seoul | korea    |  
| 4 | eric  | jung  | seocho-gu  | seoul | korea   |  

+----+----------+-----------+-------------+-------+---------+ 3 rows in set (0.00 sec) 
출력 결과를 확인해 봅니다. 도시가 seoul인 회원만 추출해서 화면에 출력합니다. 
12.2.연산자 
앞에서 간단히 데이터 처리를 위한 조건을 추가해 보았습니다. 도시가 seoul인 회원을 찾 기 위해서 = 연산 기호를 사용했습니다. WHERE은 컬럼과 값을 다양한 연산자를 통하여 조건을 설정할 수 있습니다. 
MySQL에서는 아홉 가지의 다양한 연산자를 지원합니다. 
12.2.1 Equal 
컬럼의 동일한 값을 비교할 때는 = 기호를 사용합니다. = 기호는 컬럼의 데이터 값이 우 측에 지정한 값과 정확히 일치했을 경우에 조건이 성립됩니다. = 기호는 데이터 처리 조 건으로 가장 많이 이용하는 기호입니다. 
| 예제 쿼리 | 
쿼리~ where Id = 7; 
Id 값이 정확히 7인 데이터를 검색하여 결과를 출력합니다. 
| 콘솔 실습 화면 | 
mysql> select * from orders WHERE Id =7; +----+-------+ | Id | code  | +----+-------+ | 7 | O_007 | +----+-------+ 1 row in set (0.00 sec) 
PHP 코드를 통하여 검색 조건 처리를 실험해 보도록 합니다. 
| PHP 예제 | 
mysql.class.php 파일에 메서드 예제를 추가합니다. 
public function selectRowss($queryString) { 
if ($result = mysqli_query($this->dbcon, $queryString)) { $this->msgEcho("쿼리 성공] ".$queryString); $rowss = ""; $row_cnt = mysqli_num_rows($result); for ($i=0; $i<$row_cnt; $i++) { 
$rowss[$i] = mysqli_fetch_object($result); } 
$result->free(); return $rowss; } else { $this->msgEcho("Error] ".$queryString); } } 
예제 파일 | where-01.php 
1 <?php 2 3 include "dbinfo.php"; 4 include "mysql.class.php"; 5 6 // ++ Mysqli DB 연결. 7 $db = new JinyMysql(); 8 9 $queryString = "SELECT FirstName, LastName FROM members where Id='3'"; 10 if ($rowss = $db->selectRowss($queryString)) { 11 echo "tables fields = ". count($rowss) . "<br>"; 12 13 for ($i=0;$i<count($rowss);$i++) { 14 echo $i."="; 15 print_r($rowss[$i]); 16 echo "<br>"; 
17 } 
18 } 19 20 ?> 

화면 출력 
mysql connected! 쿼리 성공] SELECT FirstName, LastName FROM members where Id='3' tables fields = 1 0=stdClass Object ( [FirstName] => kim [LastName] => james ) 
12.2.2 NOT Equal 
‘같다’를 의미하는 = 기호의 반대입니다. 컬럼의 값이 일치하지 않을 때 비교하는 연산자 
는 <> 를 사용합니다. 
| 예제 쿼리 | 
쿼리~ where Id <> 7’; 
쿼리에서 Id 값이 7이 아닌 모든 내용을 찾아서 결과를 출력합니다. 
| 콘솔 실습 화면 | 
mysql> select * from orders WHERE Id <> 7; 
+----+-------+ 
| Id | code | 
+----+-------+ 
| 1 | O_001 | 
| 2 | O_002 | 
| 3 | O_003 | 
| 4 | O_004 | 
| 5 | O_005 | 
| 6 | O_006 | 
| 8 | O_008 | 
| 9 | O_009 | | 10 | O_010 | +----+-------+ 9 rows in set (0.00 sec) 
출력 결과를 확인해 보면 Id가 7인 경우만 빼고 모두 출력되었습니다. PHP 코드를 통하여 결과를 실험해 보도록 합니다. 
예제 파일 | where-02.php 
1 <?php 2 3 include "dbinfo.php"; 4 include "mysql.class.php"; 5 6 // ++ Mysqli DB 연결. 7 $db = new JinyMysql(); 8 9 $queryString = "SELECT FirstName, LastName FROM members where Id<>'3'"; 10 11 if ($rowss = $db->selectRowss($queryString)) { 12 echo "tables fields = ". count($rowss) . "<br>"; 13 14 for ($i=0;$i<count($rowss);$i++) { 
15 16 17 18 19 20 21  ?>  }  }  echo $i."="; print_r($rowss[$i]); echo "<br>";  
화면 출력  

mysql connected! 쿼리 성공] SELECT FirstName, LastName FROM members where Id<>'3' tables fields = 5 0=stdClass Object ( [FirstName] => lee [LastName] => hojin ) 1=stdClass Object ( [FirstName] => [LastName] => jiny ) 
2=stdClass Object ( [FirstName] => jiny [LastName] => 1234 ) 3=stdClass Object ( [FirstName] => jiny [LastName] => 1234 ) 4=stdClass Object ( [FirstName] => jiny [LastName] => 123400 ) 
12.2.3 크기 비교 
where 조건 설정 시 크기를 비교하는 부등호 기호를 함께 사용할 수 있습니다. 
>는 왼쪽의 값이 오른쪽 값보다 큰 값인지를 비교하는 연산자입니다. 
>=는 왼쪽의 값이 오른쪽 값보다 큰 값, 또는 같은 값인지를 비교하는 연산자입니다. 
| 예제 쿼리 | 
쿼리~ where Id > 7; 
쿼리~ where Id >= 7; 
Id 값이 7보다 큰 값만 출력해 봅니다. 
| 콘솔 실습 화면 | 
mysql> select * from orders WHERE Id >7; 
+----+-------+ 
| Id | code | 
+----+-------+ 
| 8 | O_008 | 
| 9 | O_009 | 
| 10 | O_010 | 
+----+-------+ 
3 rows in set (0.00 sec) 
7보다 큰 값이기 때문에 7은 출력되지 않습니다. 7을 포함하려고 하면 >= 등호 기호도 함 께 작성합니다. 
| 콘솔 실습 화면 | 
mysql> select * from orders WHERE Id >=7; +----+-------+ | Id | code | +----+-------+ | 7 | O_007 | | 8 | O_008 | | 9 | O_009 | | 10 | O_010 | +----+-------+ 4 rows in set (0.00 sec) 
<는 왼쪽의 값이 오른쪽보다 큰 값인지를 비교하는 연산자입니다. 
<=는 왼쪽의 값이 오른쪽 다 큰 값, 또는 작은 값인지를 비교하는 연산자입니다. 
쿼리~ where Id < 5; 쿼리~ where Id <= 5; 
Id 값이 5보다 작은 값만 출력합니다. 
mysql> select * from orders WHERE Id <5; +----+-------+ | Id | code | +----+-------+ | 1 | O_001 | | 2 | O_002 | | 3 | O_003 | | 4 | O_004 | +----+-------+ 4 rows in set (0.00 sec) 
5보다 작은 값이기 때문에 5를 출력하지는 않았습니다. 5를 포함하려면 <=처럼 등호 기 호를 함께 사용합니다. 
| 콘솔 실습 화면 | 
mysql> select * from orders WHERE Id <=5; +----+-------+ | Id | code | +----+-------+ | 1 | O_001 | | 2 | O_002 | | 3 | O_003 | | 4 | O_004 | | 5 | O_005 | +----+-------+ 5 rows in set (0.00 sec) 
PHP 코드를 통하여 크기 비교를 실습해 보도록 합니다. 
예제 파일 | where-03.php 
1 <?php 
2 
3 include "dbinfo.php"; 
4 include "mysql.class.php"; 
5 
6 // ++ Mysqli DB 연결. 
7 $db = new JinyMysql(); 
8 
9 $queryString = "SELECT Id, FirstName, LastName FROM members where Id>=3"; 
10 if ($rowss = $db->selectRowss($queryString)) { 
11 echo "tables fields = ". count($rowss) . "<br>"; 
12 
13 for ($i=0;$i<count($rowss);$i++) { 
14 echo $i."="; 
15 print_r($rowss[$i]); 
16 echo "<br>"; 
17 } 
18 } 19 20 ?> 


화면 출력 
mysql connected! 쿼리 성공] SELECT Id, FirstName, LastName FROM members where Id>=3 tables fields = 4 0=stdClass Object ( [Id] => 3 [FirstName] => kim [LastName] => james ) 1=stdClass Object ( [Id] => 5 [FirstName] => jiny [LastName] => 1234 ) 2=stdClass Object ( [Id] => 6 [FirstName] => jiny [LastName] => 1234 ) 3=stdClass Object ( [Id] => 7 [FirstName] => jiny [LastName] => 123400 ) 
12.2.4 BETWEEN ~ AND ~ 
연산 기호를 사용한 조건은 어떠한 방향성을 설정하여 검색하는 방법입니다. 이와 달리 
BETWEEN 연산자는 입력된 값의 사이의 범위를 지정할 수 있는 조건입니다. 범위로 사 용할 수 있는 값은 숫자, 텍스트 또는 날짜 데이터 타입입니다. 
BETWEEN 연산자는 범위를 설정하기 때문에 시작 값과 끝 값이 필요합니다. 
| 쿼리 문법 | 
쿼리~ WHERE 컬럼명 BETWEEN 시작 값 AND 끝 값; 
BETWEEN 연산자는 WHERE 컬럼 >= 값1 and 컬럼 <= 값2로 바꾸어 사용할 수 있습 니다. 같은 의미입니다. 즉, >=와 <= 사이를 말합니다. 
| 예제 쿼리 | 
select * from orders where Id between 3 and 8; 
Id가 3과 8 사이의 값을 출력합니다. 
| 콘솔 실습 화면 | 
mysql> select * from orders WHERE Id between 3 and 8; 
+----+-------+ | Id | code | +----+-------+ | 3 | O_003 | | 4 | O_004 | | 5 | O_005 | | 6 | O_006 | | 7 | O_007 | | 8 | O_008 | +----+-------+ 6 rows in set (0.00 sec) 
3부터 8까지를 출력합니다. BETWEEN은 =를 포함하기 때문에 3과 8도 출력됩니다. 
BETWEEN 조건은 해당 범위의 사이의 값의 항목들을 출력합니다. 이와 반대로 해당 범 위의 여집합을 선택하여 출력할 수도 있습니다. NOT BETWEEN 은 범위가 아닌 밖을 지정하여 출력합니다. 
| 예제 쿼리 | 
select * from orders where Id not between 3 and 8; 
Id의 범위가 3보다 크고 8보다 작은 영역이 아닌 그 외의 집합을 찾아 출력합니다. 
| 콘솔 실습 화면 | 
mysql> select * from orders WHERE Id not between 3 and 8; +----+-------+ | Id | code | +----+-------+ | 1 | O_001 | | 2 | O_002 | | 9 | O_009 | | 10 | O_010 | +----+-------+ 4 rows in set (0.00 sec) 
해당 범위만 제외되고 전체가 출력됩니다. 
PHP 코드를 통하여 BETWEEN 조건을 실험해 봅니다. 
예제 파일 | where-04.php 
1 <?php 2 3 include "dbinfo.php"; 4 include "mysql.class.php"; 5 6 // ++ Mysqli DB 연결. 7 $db = new JinyMysql(); 8 9 $queryString = "select * from orders WHERE Id between 3 and 8"; 10 if ($rowss = $db->selectRowss($queryString)) { 11 echo "tables fields = ". count($rowss) . "<br>"; 12 13 for ($i=0;$i<count($rowss);$i++) { 
14 15 16 17 18 19 20  ?>  }  }  echo $i."="; print_r($rowss[$i]); echo "<br>";  
화면 출력  

mysql connected! 쿼리 성공] select * from orders WHERE Id between 3 and 8 tables fields = 6 0=stdClass Object ( [Id] => 3 [code] => O_003 [email] => eric@hojin.io ) 1=stdClass Object ( [Id] => 4 [code] => O_004 [email] => ) 2=stdClass Object ( [Id] => 5 [code] => O_005 [email] => ) 3=stdClass Object ( [Id] => 6 [code] => O_006 [email] => ) 4=stdClass Object ( [Id] => 7 [code] => O_007 [email] => ) 5=stdClass Object ( [Id] => 8 [code] => O_008 [email] => ) 
BETWEEN의 연산 범위로 텍스트 값을 사용할 수도 있습니다. 
SELECT * FROM members WHERE username BETWEEN '장승빈' AND '이호진' 
SELECT * FROM members WHERE username NOT BETWEEN '장승빈' AND '이호진' 
BETWEEN의 연산 범위로 날짜 값을 사용할 수도 있습니다. 
| 예제 쿼리 | 
SELECT * FROM Orders WHERE regDate BETWEEN #07/04/1996# AND #07/09/1996#; 
12.2.5 IN 
방향과 범위는 해당 조건에 맞는 그룹의 모두를 의미합니다. 그룹의 모두가 아니라 특정 한 조건을 가지는 몇몇 다수를 선택하고자 할 때는 사용을 할 수 없습니다. 또는 = 기호로 모두 나열하는 것은 불편할 것입니다. 
IN 연산자는 다수의 선택 값을 지정하여 결과를 출력할 수 있습니다. 
| 쿼리 문법 | 
~~~ WHERE 컬럼명 IN (값1, 값2, ….); 
IN 연산자는 컬럼명=값 1 or 컬럼명=값2 or 컬럼명=값3 or ….처럼 or 연산자로 묶여 있 는 것과 같습니다. 
| 예제 쿼리 | 
select * from orders where Id in (1,3,9); 
Id 값이 1과 3과 9인 경우만 검색하여 출력합니다. 
| 콘솔 실습 화면 | 
mysql> select * from orders WHERE Id in (1,3,9); +----+-------+ | Id | code | +----+-------+ | 1 | O_001 | | 3 | O_003 | | 9 | O_009 | +----+-------+ 3 rows in set (0.00 sec) 
선택하고자 하는 값은 IN 연산자 소괄호 안에 직접 입력하면 됩니다. 값이 여러 개일 경 우 콤마 (,)를 통하여 구분합니다. 또한 () 안에 또 다른 SELECT 조회문을 입력하여 결과 를 매칭할 수도 있습니다. 
| 쿼리 문법 | 
쿼리~ WHERE 컬럼명 IN (SELECT 쿼리문); 
먼저 IN 안에 있는 SELELCT 조건이 먼저 수행됩니다. 해당 조건에 맞는 값들이 IN 연산 자 안에 값이 선택 값으로 들어갑니다. 두 번째로 메인 SELECT가 실행되면서 IN 연산자 와 일치된 목록만 출력됩니다. 
| 예제 쿼리 | 
SELECT * FROM members WHERE email IN (SELECT email FROM orders where regdate >= ’2017-05-26’ ); 
위의 쿼리를 실행하게 되면 오늘 주문 내역이 있는 회원 정보만 출력합니다. 
PHP 코드를 통하여 IN 연산자를 실험해 보겠습니다. 
예제 파일 | where-05.php 
1 <?php 2 3 include "dbinfo.php"; 4 include "mysql.class.php"; 5 6 // ++ Mysqli DB 연결. 7 $db = new JinyMysql(); 8 9 $queryString = "select * from orders WHERE Id in (1,3,9)"; 10 if ($rowss = $db->selectRowss($queryString)) { 11 echo "tables fields = ". count($rowss) . "<br>"; 12 13 for($i=0;$i<count($rowss);$i++){ 
14 15 16 17 18 19 20  ?>  }  }  echo $i."="; print_r($rowss[$i]); echo "<br>";  
화면 출력  

mysql connected! 쿼리 성공] select * from orders WHERE Id in (1,3,9) tables fields = 3 0=stdClass Object ( [Id] => 1 [code] => O_001 [email] => hojin@hojin.io ) 1=stdClass Object ( [Id] => 3 [code] => O_003 [email] => eric@hojin.io ) 2=stdClass Object ( [Id] => 9 [code] => O_009 [email] => ) 
12.2.6 ANY와 ALL 연산자 
앞에서 여러 개의 데이터를 매칭하여 처리를 하는 IN 연산자를 학습했습니다. IN 연산자 는 입력된 조건 값에 대해서 같은 (=) 값을 가지는 것만 처리합니다. ANY 연산자는 IN 연 산자와 유사하지만 >, >=, <, <=와 같이 양도 비교 처리를 할 수 있습니다 
| 쿼리 문법 | 
쿼리~ WHERE 컬럼명 >= ANY(SELECT 쿼리문); 
위의 쿼리 문법의 예를 보면 ANY 안에 있는 SELECT 쿼리문의 결과보다 크거나 같은 데 이터 조건을 출력합니다. 
| 예제 쿼리 | 
select * from members where emoney > any (select prices from products); 
예제는 현재 판매하고 있는 상품의 가격을 ANY의 인자로 전달합니다. 그리고 회원이 적 립금과 비교합니다. ANY 안에 있는 값 중에 하나라도 만족하면 됩니다. 즉 제품의 모든 가격과 회원 수의 적립금을 N:N으로 검사하게 됩니다. 즉, 위의 쿼리 결과는 가장 금액이 작은 상품, 최소한 상품 1개 이상을 살수 있는 적립금을 가진 회원을 출력합니다. 
반면에 ALL 쿼리는 서브 쿼리의 조건 모두가 일치하는지 확인합니다. 
| 쿼리 문법 | 
쿼리~ WHERE 컬럼명 >= ALL(SELECT 쿼리문); 
ALL 안에 있는 SELECT의 모든 조건을 만족하는 결과를 처리합니다. 
| 예제 쿼리 | 
select * from members where emoney > all (select prices from products) 
앞의 ANY는 최저 가격의 상품보다 이상의 금액을 가지는 회원 목록이었다면, ALL은 모 든 상품의 가격을 다 만족해야 합니다. 즉, 최고 가격의 상품 이상의 회원 적립금을 갖는 회원을 출력합니다. 
위의 쿼리를 달리 작성한다면, 
| 예제 쿼리 | 
select * from members where emoney > (select max(prices) from products) 
와 같을 수 있습니다. ANY와 ALL 연산자는 WHERE 절과 HAVING 절 모두 사용 가능 합니다. 
12.3.패턴 검색 
등호, 부등호와 같은 연산자는 크기와 양을 비교합니다. 크기를 비교하는 것은 숫자나 날 짜 등의 값일 경우 쉽게 적용할 수 있습니다. 하지만 문자 데이터의 경우에는 다른 방법의 검색을 적용해야 합니다. 
물론 등호 (=)를 통하여 동일한 문자를 검색할 수도 있습니다. 하지만 등호는 정확이 일치 하는 데이터만 검색되기 때문에 제한적입니다. SQL에서는 문자열 안의 일부 내용을 포함 하고 있는지 검색할 수 있는 패턴 검색을 지원합니다. 패턴 검색은 다른 말로 퍼지 검색이 라고도 합니다. SQL에서 대표적인 퍼지 검색 키워드는 LIKE입니다. 
12.3.1 
패턴이란 

SQL은 LIKE 연산자를 지원합니다. LIKE는 영어 표현으로 ‘~와 같다, 비슷하다’의 의미 로 유사하다는 뜻입니다. 즉, LIKE 패턴은 문자열 안에 지정한 문자의 내용이 포함하고 있는지를 검사하는 것입니다. 

12.3.2 
와일드 기호 


LIKE 연산자는 패턴의 유사성을 지정하기 위해서 와일드 카드와 같은 기호를 사용합 니다. LIKE에서 사용하는 대표적인 와일드 카드 기호는 두 가지가 있습니다. 
● %: 다수의 문자를 포함하는 문자열을 가리킵니다. 
● _: 하나의 문자를 가리킵니다. 

이 2개의 와일드 카드 기호는 LIKE 연산자와 함께 사용합니다. LIKE 연산 시 패턴 앞 또 는 뒤에 같이 사용하여 패턴 규약을 정할 수 있습니다. 
12.3.3 퍼센트 
퍼센트 기호 (%)는 여러 개의 문자열을 매칭 처리하는 와일드 기호입니다. 다음과 같이 쿼 리 명령이 있습니다. 
| 예제 쿼리 | 
SELECT * FROM members WHERE Country LIKE 'k%'; 
위의 쿼리는 회원 목록을 출력합니다. 출력 조건은 Country LIKE ‘k%’입니다. 회원의 국 가 컬럼에 퍼지 패턴 검색을 적용했습니다. k%는 첫 글자는 k로 시작해야 한다고 강제 지 정을 했습니다. %는 이후에 글자가 몇 개가 와도 상관이 없다는 것입니다. 즉, k로 시작 되는 문자열을 검색하라는 의미입니다. 
% 기호는 문자 앞뒤에 양쪽으로 적을 수도 있습니다. 양쪽에 % 기호가 있다는 것은 중간 의 글자가 포함되는 내용을 출력하라는 의미입니다. 
| 예제 쿼리 | 
SELECT * FROM members WHERE City LIKE '%es%'; 
위의 예는 도시 이름 중에서 es가 들어 있는 모든 회원 정보를 출력합니다. 
12.3.4 밑줄 
밑줄(_) 기호는 한 글자를 의미합니다. %는 문자열을 의미하지만 _은 단일 1개의 문자를 의미합니다. 만일 _기호를 두 번 사용할 때는 두 글자를 의미합니다. 
| 예제 쿼리 | 
SELECT * FROM members WHERE City LIKE '__san'; 
위의 예는 앞에 두 글자는 어떤 글자가 와도 됩니다. 하지만 이후에는 ‘san’ 문자열로 끝나 야 합니다. 즉, busan, ulsan 등의 도시들이 출력될 것입니다. 
밑줄 와일드 기호는 문자열 중간에도 사용할 수 있습니다. 
| 예제 쿼리 | 
SELECT * FROM members WHERE City LIKE 's_o_l'; 
12.3.5 지정 문자 
한 글자를 의미하는 밑줄 (_) 와일드 기호는 A~Z 또는 어떤 문자가 와도 허용됩니다. 전체 글자가 아니라 지정한 문자만의 패턴을 지정할 수도 있습니다. 대괄호 [ ] 안에 해당 글자 만 적으면 됩니다. 
| 예제 쿼리 | 
SELECT * FROM members WHERE City LIKE '[abcd]%'; 
위의 예는 대괄호로 [ abcd]로 정의되어 있습니다. 이는 어떤 문자가 와도 되지만 반드시 a, b, c, d 글자로 시작해야 한다는 것입니다. 
반대로 지정 글자 이외의 단어들도 선언할 수 있습니다. 예외 문자는 대괄호 안에 부정을 
의미하는 느낌표(!)를 삽입하여 문자를 적습니다. 
| 예제 쿼리 | 
SELECT * FROM members WHERE City LIKE '[!efg]%'; 
위의 예제는 e, f, g 글자가 제외된 글자로 시작된 도시들만 선택됩니다. 또는 NOT LIKE 명령을 사용할 수도 있습니다. 
| 예제 쿼리 | 
SELECT * FROM members WHERE City NOT LIKE '[bsp]%'; 
12.3.6 %, _ 조합 
퍼지 검색 시 사용되는 퍼센트(%)와 밑줄(_) 기호는 서로 조합하여 사용이 가능합니다. 예를 들어, 
LIKE 'a%' , LIKE '%a' , LIKE '%or%' , LIKE '_r%' , LIKE 'a_%_%' , LIKE 'a%o' 
와 같이 섞어서 사용이 가능합니다. 
12.4.NULL 검색 
NULL은 프로그램, 데이터베이스 에서도 공백과는 또 다른 의미입니다. NULL은 ‘아무것 도 없다’는 뜻입니다. 테이블에 데이터를 입력할 때 값을 지정하기 않거나 없을 경우에는 해당 컬럼을 NULL로 자동 설정됩니다. 
물론, 제약사항 속성을 통하여 NULL이 지정되지 않게 할 수도 있습니다. 또는 초기값을 
지정하여 설정할 수도 있습니다. 
12.4.1 NULL 확인 
NULL로 설정된 컬럼을 조건을 통하여 검색할 수 있습니다. 
| 쿼리 문법 | 
쿼리~ WHERE 컬럼명 IS NULL; 
컬럼의 상태가 NULL인지를 확인하기 위해서는 IS NULL 연산을 통하여 확인할 수 있습 니다. 
| 예제 쿼리 | 
select * from members where address IS NULL; 
위의 쿼리 예제는 주소가 NULL로 설정된 데이터만 검색하여 출력합니다. 
| 콘솔 실습 화면 | 
mysql> select * from members where address IS NULL; +----+----------+-----------+---------+------+---------+ | Id | LastName | FirstName | Address | City | Country | +----+----------+-----------+---------+------+---------+ | 2 | jiny | NULL | NULL | NULL | korea | +----+----------+-----------+---------+------+---------+ 1 row in set (0.00 sec) 
결과를 확인하면 주소 컬럼이 NULL로 설정된 것을 확인할 수 있습니다. 
12.4.2 NOT NULL 확인 
반대로 NULL이 아닌 값 검색은 IS NOT NULL 로 사용합니다. 
| 쿼리 문법 | 
~~ WHERE 컬럼명 IS NOT NULL; 
| 예제 쿼리 | 
select * from members where address IS NOT NULL; 
위의 쿼리 예제는 주소 부분이 NULL이 아닌 회원 목록만을 출력합니다. 
| 콘솔 실습 화면 | 
mysql> select * from members where address IS NOT NULL; +----+----------+-----------+-------------+-------+---------+ | Id | LastName | FirstName | Address  | City | Country | +----+----------+-----------+-------------+-------+---------+ 
| 1 | hojin  | lee  | shinchon  | seoul | korea  |  
| 3 | james  | kim  | youngdun-po | seoul | korea   |  
| 4 | eric  | jung  | seocho-gu  | seoul | korea  |  

+----+----------+-----------+-------------+-------+---------+ 3 rows in set (0.00 sec) 
주소를 가지고 있는 회원만 출력했습니다. 
12.4.3 PHP 실습 
PHP 코드를 통하여 컬럼의 NULL을 확인해 봅니다. 
예제 파일 | sql-.php 
1 <?php 2 3 include "dbinfo.php"; 4 include "mysql.class.php"; 5 6 // ++ Mysqli DB 연결. 7 $db = new JinyMysql(); 8 9 $queryString = "select * from members WHERE address IS NOT NULL"; 10 if ($rowss = $db->selectRowss($queryString)) { 11 echo "tables fields = ". count($rowss) . "<br>"; 12 13 for ($i=0;$i<count($rowss);$i++) { 14 echo $i."="; 15 print_r($rowss[$i]); 16 echo "<br>"; 
17 } 
18 } 19 20 ?> 


화면 출력 
mysql connected! 쿼리 성공] select * from members WHERE address IS NOT NULL tables fields = 2 0=stdClass Object ( [Id] => 1 [LastName] => hojin [FirstName] => lee [Address] => shinchon [City] => seoul [Country] => Korea [manager] => infohojin [email] => hojin@hojin.io ) 1=stdClass Object ( [Id] => 3 [LastName] => james [FirstName] => kim [Address] => youngdun-po [City] => seoul [Country] => Korea [manager] => info [email] => james@hojin.io ) 
12.5.조건 결합 
WHERE 조건은 논리 연산자를 사용할 수 있습니다. 논리 연산자를 이용한다는 것은 여 러 개의 조건을 논리적으로 결합하여 처리할 수 있다는 것입니다. 
논리 연산자 결합은 좌측에서 우측으로 실행됩니다. 또한 연산자 우선순위를 적용받기 때 
문에 필요에 따라서는 우선 처리를 위한 괄호 ()를 사용해야 하는 경우도 발생합니다. 
12.5.1 AND 
AND 논리 연산자는 2개의 조건을 결합할 수 있습니다. AND 연산자로 연결된 조건은 모 두 참인 경우만 출력되는 연산입니다. 
| 예제 쿼리 | 
쿼리~ where Id>=3 and City = 'seoul'; 
2개의 연산자가 결합되었습니다. Id 값은 3보다 큰 상태와 City가 seoul이어야 합니다. 
동시 조건을 만족해야 합니다. 
| 콘솔 실습 화면 | 
mysql> select * from members where Id>=3 and City = 'seoul'; +----+----------+-----------+-------------+-------+---------+ | Id | LastName | FirstName | Address  | City | Country | +----+----------+-----------+-------------+-------+---------+ | 3 | james | kim | youngdun-po | seoul | korea  | | 4 | eric | jung | seocho-gu   | seoul | korea   | +----+----------+-----------+-------------+-------+---------+ 2 rows in set (0.00 sec) 
위의 예제를 보면 2개의 조건이 참인 결과를 반환합니다. 
12.5.2 OR 
OR 논리 연산자는 2개의 조건을 모두 선택할 수 있습니다. OR 연산자는 조건 중에서 하 나라도 참이면 모두 참인 경우입니다. 
| 예제 쿼리 | 
쿼리~ where Id=3 or Id=4; 
Id가 3이거나 id가 4이면 됩니다. 2개 중에 하나라도 만족하면 모두 출력됩니다. 
| 콘솔 실습 화면 | 
mysql> select * from members where Id=3 or Id=4; +----+----------+-----------+-------------+-------+---------+ | Id | LastName | FirstName | Address | City | Country | +----+----------+-----------+-------------+-------+---------+ | 3 | james | kim | youngdun-po | seoul | korea   | | 4 | eric | jung | seocho-gu  | seoul | korea   | +----+----------+-----------+-------------+-------+---------+ 2 rows in set (0.00 sec) 
2개의 조건이 모두 만족하는 결과 2개를 출력합니다. 
12.5.3 AND, OR 
논리 연산자 AND와 OR는 서로 복합적으로 결합하여 사용할 수 있습니다. 2개의 연산자 
를 복합하여 사용할 때는 연산자 우선순위에 따라서 조건 필터가 다르게 해석될 수도 있 
습니다. 
AND와 OR를 동시에 사용할 때는 소괄호를 사용하여 연산자 우선순위를 확인해야 합 니다. 
| 예제 쿼리 | 
쿼리~ where (Id=3 or Id=4) and FirstName = ‘kim’; 
우선순위에 따라서 괄호 부분이 먼저 해석됩니다. Id 값이 3이거나 4가 되면 괄호 부분은 
참이 됩니다. 그리고 FirstName 부분이 참인지를 검사합니다. 
| 콘솔 실습 화면 | 
mysql> select * from members where (Id=3 or Id=4) and FirstName = 'kim'; +----+----------+-----------+-------------+-------+---------+ | Id | LastName | FirstName | Address  | City | Country | +----+----------+-----------+-------------+-------+---------+ | 3 | james | kim | youngdun-po | seoul | korea   | +----+----------+-----------+-------------+-------+---------+ 1 row in set (0.00 sec) 
다수의 조건이 만족한 결과를 출력합니다. 
12.6.조건 분기 
조건 분기는 if else처럼 SQL에서도 컬럼의 데이터 값을 비교하여 처리할 수 있습니다. 컬럼 필드 선택 부분에 CASE WHEN ~ 문장을 넣어주면 됩니다. 
| 쿼리 문법 | 
CASE WHEN 조건1 THEN 값1 WHEN 조건2 THEN 값2 WHEN 조건3 THEN 값3 ELSE 값4 
END AS 별칭 
12.6.1 쿼리 실습 
다음은 Id 값에 따라서 서수 번호를 NO라는 이름으로 처리하는 예제 쿼리입니다. 
| 예제 쿼리 | 
select FirstNAme,LastName, 
case when Id>= 5 then '5th' when Id>= 4 then '4th' when Id>= 3 then '3th' when Id>= 2 then '2th' else '1th' 
end as No from members; 
출력은 FirstNAme, LastName, No 형태로 3개의 컬럼이 출력이 됩니다. 
| 콘솔 실습 화면 | 
mysql> select FirstNAme,LastName, -> case -> when Id>= 5 then '5th' -> when Id>= 4 then '4th' -> when Id>= 3 then '3th' -> when Id>= 2 then '2th' -> else '1th' -> end as No -> from members; 
+-----------+----------+-----+ | FirstNAme | LastName | No  | +-----------+----------+-----+ 
| lee  | hojin  | 1th |  
| NULL  | jiny  | 2th |  
| kim  | james  | 3th |  
| jung  | eric  | 4th |  

+-----------+----------+-----+ 4 rows in set (0.00 sec) 
No 컬럼은 별칭으로 선언되어 처리를 합니다. 별칭 기능은 나중에 다시 학습하겠습니다. 
12.6.2 PHP 실습 
PHP 코드를 통하여 조건 분기 쿼리를 실행해 봅니다. 
예제 파일 | where-09.php 
1 <?php 2 3 include "dbinfo.php"; 4 include "mysql.class.php"; 5 6 // ++ Mysqli DB 연결. 7 $db = new JinyMysql(); 8 9 $queryString = "select FirstNAme,LastName, 10 case 11 when Id>= 5 then '5th' 12 when Id>= 4 then '4th' 13 when Id>= 3 then '3th' 14 when Id>= 2 then '2th' 15 else '1th' 16 end as No 17 from members;"; 18 19 if ($rowss = $db->selectRowss($queryString)) { 20 echo "tables fields = ". count($rowss) . "<br>"; 21 22 for ($i=0;$i<count($rowss);$i++) { 
23 24 25 26 27 28 29  ?>  }  }  echo $i."="; print_r($rowss[$i]); echo "<br>";  
화면 출력  

mysql connected! 쿼리 성공] select FirstNAme,LastName, case when Id>= 5 then '5th' when Id>= 4 then '4th' when Id>= 3 then '3th' when Id>= 2 then '2th' else '1th' end as No from members; 
tables fields = 6 0=stdClass Object ( [FirstNAme] => lee [LastName] => hojin [No] => 1th ) 1=stdClass Object ( [FirstNAme] => hojin [LastName] => lee [No] => 2th ) 2=stdClass Object ( [FirstNAme] => kim [LastName] => james [No] => 3th ) 3=stdClass Object ( [FirstNAme] => jiny [LastName] => 1234 [No] => 5th ) 4=stdClass Object ( [FirstNAme] => jiny [LastName] => 1234 [No] => 5th ) 5=stdClass Object ( [FirstNAme] => jiny [LastName] => 123400 [No] => 5th ) 
12.7.서브 쿼리 
앞에 IN, ANY, ALL 등의 연사자를 설명하면서 서브 쿼리를 미리 사용해 보았습니다. 서 브 쿼리란 SELECT로 조회한 데이터를 가지고 다시 메인 SELECT의 연산의 기초 값이 되 는 것입니다. 즉, SELECT를 연결하여 이중 조회하는 것을 말합니다. 
서브 쿼리는 MySQL 4.1 이상 버전에서만 지원합니다. 
| 쿼리 문법 | 
SELECT * from 테이블 where 컬럼 연산자 (서브 쿼리); 
12.7.1 쿼리 실습 
서브 쿼리를 작성할 때는 괄호를 이용하여 감싸 줍니다. 
| 예제 쿼리 | 
select * from members where manager IN (select manager from members where City='seoul'); 
select manager from members where City='seoul' 쿼리가 괄호 안에 있기 때문에 먼 저 실행이 됩니다. 결과값은 IN 연산자의 대입 값으로 처리되고, 이에 따라서 메인 쿼리 
select * from members where manager IN ()이 실행됩니다. 
| 콘솔 실습 화면 | 
mysql> select * from members where manager IN (select manager from members where City='seoul'); 

+----+---------+-----------+-----------+-------+--------+---------+------------------+ | Id | LastName| FirstName | Address | City | Country | manager | email           | +----+---------+-----------+-----------+-------+--------+---------+------------------+ 
| 1 | hojin  | lee  | shinchon | seoul | korea | infohojin | hojin@hojin.io  |  
| 2 | jiny  | NULL  | NULL  | NULL | korea | infohojin | jiny@hojin.io  |  
| 3 | james  | kim  | youngdun-po | seoul | korea | info   | james@hojin.io  |  
| 4 | eric  | jung  | seocho-gu | busan | korea | info  | eric@hojin.io  |  

+----+---------+-----------+-----------+-------+--------+---------+------------------+ 4 rows in set (0.00 sec) 
값을 포함하고 있는지 검사할 때는 IN 연산자를 사용합니다. 크기를 비교할 때는 >, >=, <, <=를 사용할 수 있습니다. 
12.8.EXISTS 
서브 쿼리를 이용하여 이중 검색을 할 때 첫 번째 쿼리의 조건에 대한 결과값이 없을 수도 있습니다. 존재하지 않는 결과값을 이용하여 메인 쿼리를 실행하게 되면 오류가 발생합 니다. 
이런 경우 첫 번째 실행되는 서브 쿼리의 결과값이 있는지를 확인할 수 있는 키워드를 제 공합니다. EXISTS는 서브 쿼리의 존재 여부를 판단하여 메인 쿼리를 실행하게 됩니다. 
| 쿼리 문법 | 
SELECT 컬럼명, 컬럼명... FROM 테이블명 WHERE EXISTS (SELECT column_name FROM table_name WHERE condition); 
EXISTS는 해당 쿼리의 결과값을 TRUE/FALSE로 반환합니다. EXISTS의 반대로 NOT EXISTS를 사용할 수 있습니다. NOT EXISTS 는 서브 쿼리 결과가 없다는 의미입니다. 
12.8.1 쿼리 실습 
예로 들면 특정한 고객의 주문이 있는 경우에 회원 정보를 출력하는 쿼리를 작성할 때 매 우 유용합니다. 
다음 SQL문은 TRUE를 반환하고 제품 가격이 20 미만인 공급 업체를 나열합니다. 
| 예제 쿼리 | 
SELECT SupplierName FROM Suppliers WHERE EXISTS (SELECT ProductName FROM Products WHERE SupplierId = Suppliers.supplierId AND Price < 20); 
위의 SQL문은 TRUE를 반환하고 제품 가격이 20 미만인 공급 업체를 나열합니다. 
| 예제 쿼리 | 
SELECT SupplierName FROM Suppliers WHERE EXISTS (SELECT ProductName FROM Products WHERE SupplierId = Suppliers.supplierId AND Price = 22); 
EXISTS 서브 쿼리의 결과값이 존재하면 select 쿼리를 실행합니다. 
