
Chapter 
넘버투 PHP 
19 
UNION 
지금까지의 데이터 작업들은 모두 1개의 테이블의 기준으로 작업했습니다. 관계형 데이 터베이스의 특징은 데이터를 다수의 테이블에 분산하여 저장한다는 것입니다. 또한 분산 되어 있는 자료들은 관계를 맺고 데이터를 검색 처리합니다. 
MySQL에서는 여러 개의 테이블을 결합하여 처리할 수 있는 UNION과 JOIN 명령 키워 드를 지원합니다. 
19.1.결합 
UNION은 여러 개의 테이블 데이터를 묶어 하나의 결과로 출력합니다. 각각의 테이블에 대해서 SELECT 결과를 통하여 서로 결합된 내용을 출력합니다. 
● 2개 또는 여러 개의 SELECT 결과를 결합니다. 
● 결합되는 테이블의 컬럼의 자료형은 동일해야 합니다. 
● 구조가 다른 테이블도 결과를 결합할 수 있습니다. 
● 각각의 SELECT문의 컬럼 또한 동일한 순서로 있어야 합니다. 

| 쿼리 문법 | 
SELECT 컬럼1, 컬럼2 ... FROM 테이블1 
UNION 
SELECT 컬럼1, 컬럼2 ... FROM 테이블2; 
2개의 SELECT 문장 사이에 UNION 키워드를 삽입하면 됩니다. 2개의 SELECT 결과를 모두 출력하게 됩니다. 
19.1.1 쿼리 실습 
다음은 UNION 결합을 통하여 2개의 회원 테이블을 하나의 데이터로 출력하는 실습입 니다. 아래 쿼리를 콘솔 모드에서 입력합니다. 
| 예제 쿼리 | 
select FirstName, LastName from members 
union 
select FirstName, LastName from members1; 
2개의 select 쿼리 문장이 union으로 결합되어 있습니다. 실행을 하면 다음과 같습니다. 
| 콘솔 실습 화면 | 
mysql> select FirstName, LastName from members union select FirstName, LastName from members1; 
| +-----------+----------+ | FirstName | LastName | +-----------+----------+ +-----------+----------+ 4 rows in set (0.00 sec) 
| lee  | hojin  |  
| NULL  | jiny  |  
|  | kim | jung  | james | eric  | |  

위의 예제는 2개의 SELECT 내용이 결합되어 하나의 결과로 출력되었습니다. 
만일 SELECT로 결합 출력하려고 하는 2개의 테이블의 컬럼의 수가 동일하다면 전체를 의미하는 와일드 카드(*) 기호를 이용할 수도 있습니다. 
| 예제 쿼리 | 
(select * from members) 
union 
(select * from members1); 
여러 개의 union을 결합할 때 혼동을 방지하기 위하여 괄호를 같이 사용하면 편리합 니다. 
19.2.조건식 결합 
UNION의 특징은 여러 개의 select 문장을 결합하여 출력합니다. 이때 작성되는 select 문장에 추가 where 조건절을 포함하여 작성할 수 있습니다. 
| 쿼리 문법 | 
(select 
FirstName, LastName 
from members where 조건) 
union 
(select 
FirstName, LastName 
from members1 where 조건); 
union 
(select 
FirstName, LastName 
from members3 where 조건); 
각각의 조건이 들어간 select 결과를 기준으로 union 결합을 하여 데이터를 출력할 수 있 습니다. 
19.3.중복 허용 
테이블의 데이터를 UNION으로 결합할 때 중복되는 데이터의 내용은 출력되지 않습 니다. UNION은 기본적으로 중복 데이터를 허용하지 않는 형태로 필터링을 처리합니다. 
UNION의 기본 중복 필터링을 허용하지 않고 전체 데이터를 출력할 수도 있습니다. UNION ALL 을 사용하게 되면 모든 전체의 데이터가 출력됩니다. 
| 쿼리 문법 | 
SELECT 컬럼1, 컬럼2 ... FROM 테이블1 
UNION ALL 
SELECT 컬럼1, 컬럼2 ... FROM 테이블2; 

19.3.1 쿼리 실습 
앞에서 실습한 두 테이블의 결합의 예를 보면 각각의 테이블은 중복된 데이터 테이블입 니다. 동일한 값이 있는 데도 출력 결과가 2개가 표시되지 않고 1개씩만 표시가 됩니다. 
| 콘솔 실습 화면 | 
mysql> select FirstName, LastName from members union select FirstName, LastName from members1; +-----------+----------+ | FirstName | LastName | +-----------+----------+ 
| lee  | hojin  |  
| NULL  | jiny  |  
| kim  | james  |  
| jung  | eric  |  

+-----------+----------+ 4 rows in set (0.00 sec) 
즉, 중복되는 이름은 제외가 된 것입니다. 다음은 2개의 테이블의 중복값을 포함한 모든 데이터를 출력합니다. 만일 중복된 내용을 모두 출력하기 위해서는 UNION보다 UNION ALL로 사용하면 됩니다. 
| 예제 쿼리 | 
select FirstName, LastName from members 
union ALL 
select FirstName, LastName from members1; 
UNION ALL 을 적용하여 입력하도록 합니다. 
| 콘솔 실습 화면 | 
mysql> select FirstName, LastName from members union ALL select FirstName, LastName from members1; +-----------+----------+ | FirstName | LastName | +-----------+----------+ | lee | hojin | | NULL | jiny | 
| kim  | james  |  
| jung  | eric  |  
| lee  | hojin  |  
| NULL  | jiny  |  
| kim  | james  |  

+-----------+----------+ 7 rows in set (0.00 sec) 
2개의 테이블 모든 데이터가 결합되어 출력됩니다. UNION을 통하여 결과를 결합할 때 의 출력은 첫 번째 SELECT 의 컬럼의 순번 형태로 출력됩니다. 
19.3.2 PHP 실습 
PHP 코드를 통하여 UNION 출력을 실습해 보겠습니다. UNION 결과를 처리할 수 있는 메서드를 추가하여 실습해 봅니다. 
| PHP 예제 | 
mysql.class.php 파일에 메서드 예제를 추가합니다. 
// 다수의 query를 union 연결 문장을 실행합니다. // query 문장을 가진 배열을 입력받습니다. public function union($queryARR) { 
for ($i=0;$i<count($queryARR);$i++) { 
$queryString .= "(".$queryARR[$i].") union "; } $queryString .= ";"; $queryString = str_replace("union ;","",$queryString); 
if ($result = mysqli_query($this->dbcon, $queryString)) { $this->msgEcho("쿼리 성공] ".$queryString); $rowss = ""; $row_cnt = mysqli_num_rows($result); for ($i=0; $i<$row_cnt; $i++) { 
$rowss[$i] = mysqli_fetch_object($result); 
} 
$result->free(); return $rowss; } else { $this->msgEcho("Error] ".$queryString); } 
} 
예제 파일 | union-01.php 
1 <?php 2 3 include "dbinfo.php"; 4 include "mysql.class.php"; 5 6 // ++ Mysqli DB 연결. 7 $db = new JinyMysql(); 8 9 $queryARR = array( 10 'select * from members', 11 'select * from members_all' ); 12 13 if ($rowss = $db->union($queryARR)) { 14 echo "tables fields = ". count($rowss) . "<br>"; 15 16 for ($i=0;$i<count($rowss);$i++) { 
17 18 19 20 21 22 23  ?>  }  }  echo $i."="; print_r($rowss[$i]); echo "<br>";  
화면 출력  

mysql connected! 쿼리 성공] (select * from members) union (select * from members_all) 
tables fields = 12 0=stdClass Object ( [Id] => 1 [LastName] => hojin [FirstName] => lee [Address] => shinchon [City] => seoul [Country] => Korea [manager] => infohojin [email] => hojin@hojin.io ) 1=stdClass Object ( [Id] => 2 [LastName] => lee [FirstName] => hojin [Address] => [City] => [Country] => Korea [manager] => infohojin [email] => jiny@hojin. io ) 2=stdClass Object ( [Id] => 3 [LastName] => james [FirstName] => kim [Address] => youngdun-po [City] => seoul [Country] => Korea [manager] => info [email] => james@hojin.io ) 3=stdClass Object ( [Id] => 5 [LastName] => 1234 [FirstName] => jiny [Address] => [City] => [Country] => Korea [manager] => [email] => ) 4=stdClass Object ( [Id] => 6 [LastName] => 1234 [FirstName] => jiny [Address] => [City] => [Country] => Korea [manager] => [email] => ) 5=stdClass Object ( [Id] => 7 [LastName] => 123400 [FirstName] => jiny [Address] => [City] => [Country] => Korea [manager] => [email] => ) 6=stdClass Object ( [Id] => 1 [LastName] => 0000-00-00 [FirstName] => 2017­06-02 00:00:00 [Address] => s [City] => seoul [Country] => Korea [manager] => infohojin [email] => hojin@hojin.io ) 7=stdClass Object ( [Id] => 2 [LastName] => 0000-00-00 [FirstName] => 2017-06­02 00:00:00 [Address] => [City] => [Country] => Korea [manager] => infohojin [email] => jiny@hojin.io ) 8=stdClass Object ( [Id] => 3 [LastName] => 0000-00-00 [FirstName] => 2017­06-02 00:00:00 [Address] => y [City] => seoul [Country] => Korea [manager] => info [email] => james@hojin.io ) 9=stdClass Object ( [Id] => 5 [LastName] => 0000-00-00 [FirstName] => 2017-06­02 00:00:00 [Address] => [City] => [Country] => Korea [manager] => [email] => ) 10=stdClass Object ( [Id] => 6 [LastName] => 0000-00-00 [FirstName] => 2017­06-02 00:00:00 [Address] => [City] => [Country] => Korea [manager] => [email] => ) 11=stdClass Object ( [Id] => 7 [LastName] => 0000-00-00 [FirstName] => 2017­06-02 00:00:00 [Address] => [City] => [Country] => Korea [manager] => [email] => ) 

