
Chapter 
넘버투 PHP 
23 
트리거 
트리거(Trigger)의 사전적 뜻은 ‘방아쇠를 당기다’입니다. 즉, 하나의 SQL 동작을 함과 동 시에 또 다른 동작을 처리하기 위한 트랩을 걸어 놓은 것과 비슷합니다. 트리거 기능은 MySQL 5.0 버전부터 새롭게 등장한 기능입니다. 
트리거는 가장 많이 사용하는 INSERT, UPDATE, DELETE 등의 명령과 함께 사용하면 유용합니다. 특히 DELETE와 같은 명령은 데이터를 삭제합니다. 만일 삭제 명령을 처리 할 때 트리거를 설정하여 자동 백업 기능 트랩을 만들 수도 있습니다. 
트리거는 하나의 쿼리 명령에 반응하는 또 다른 쿼리 명령을 자동으로 연동을 만들어 놓 은 것입니다. 과도한 트리거의 설정은 데이터 쿼리 처리 시에 동작 속도가 느려질 수 있는 단점도 있습니다. 
23.1.트리거 생성 
트리거의 선언은 CREATE TRIGGER 명령을 통하여 생성합니다. 트리거는 쿼리 명령에 대해서 트랩을 설정하는 것과 유사합니다. 트리거를 명령 실행 전에 설정할 수도 있고, 명 
령이 실행 후에 동작을 하도록 선언할 수 있습니다. 
| 쿼리 문법 | 
CREATE TRIGGER 트리거명 BEFORE/AFTER 명령 키워드 ON 테이블명 FOR EACH ROW BEGIN 
처리할 내용 
END 
BEFORE/AFTER 
BEFORE/AFTER는 뒤에 있는 쿼리 명령 전에 작업할 것인지, 이후에 작업을 할 것인지 를 선택하는 키워드입니다. BEFORE를 입력하면 명령 전에 작업합니다. AFTER를 입력 하면 명령 후에 작업합니다. 
OLD. NEW. 
트리거는 명령 키워드로 인하여 변경되는 데이터를 접근할 수 있습니다. 명령 전의 데이 터 값은 OLD. 컬럼으로, 명령 후의 데이터 값은 NEW. 컬럼으로 확인할 수 있습니다. 
23.1.1 쿼리 실습 
트리거에 대한 쿼리 실습을 합니다. 회원 테이블에서 회원을 삭제할 경우 삭제된 회원을 다른 테이블에 백업 저장하는 예제입니다. 
| 예제 쿼리 | 
CREATE TRIGGER backup_mem BEFORE DELETE ON members FOR EACH ROW BEGIN INSERT INTO members1 (FirstName,LastName) VALUES (OLD.FirstName, OLD. LastName); END 
위의 백업 트리거는 회원 정보의 백업입니다. 데이터가 삭제된 이후에 백업할 수는 없기 
때문에 BEFORE로 지정하여 삭제 명령 전에 데이터를 백업하고 실제 데이터를 테이블에 서 삭제합니다. 
| 콘솔 실습 화면 | 
mysql> DELIMITER // 
mysql> CREATE TRIGGER backup_mem BEFORE DELETE
 -> ON members FOR EACH ROW
 -> BEGIN
 -> INSERT INTO members1 (FirstName,LastName) VALUES (OLD.FirstName, 
OLD.LastName);
 -> END
 -> // Query OK, 0 rows affected (0.02 sec) mysql> DELIMITER ; 
members 테이블에 대해서 DELETE 동작에 대한 트리거를 설정합니다. 트리거 동작은 
DELETE 동작이 실행되기 전(BEFORE)에 동작됩니다. 트리거의 이름은 backup_mem입 
니다. 
members 테이블의 데이터를 삭제 명령을 입력하게 되면 삭제가 되기 전에 백업 테이블 
members1에 회원 정보를 복사한 후에 삭제합니다. 먼저 members와 members1의 테 
이블 내용을 확인해 봅니다. 
| 콘솔 실습 화면 | 
mysql> select * from members; +----+----------+-----------+------------+-------+--------+----------+-------------------+ | Id | LastName | FirstName | Address  | City | Country | manager  | email | +----+----------+-----------+------------+-------+--------+----------+-------------------+ +----+----------+-----------+------------+-------+--------+----------+-------------------+ 4 rows in set (0.01 sec) 
| 1 | hojin  | lee  | shinchon  | seoul | korea | infohojin | hojin@hojin.io  |  
| 2 | jiny  | NULL  | NULL  | NULL | korea | infohojin | jiny@hojin.io  |  
| 3 | james  | kim  | youngdun-po | seoul | korea | info  | james@hojin.io  |  
| 4 | eric  | jung  | seocho-gu | busan | korea | info  | eric@hojin.io  |  

mysql> select * from members1; +----+----------+-----------+-------------+-------+--------+ | Id | LastName | FirstName | Address | City | Country | +----+----------+-----------+-------------+-------+--------+ 
| 1 | hojin  | lee  | shinchon  | seoul | korea  |  
| 2 | jiny  | NULL  | NULL  | NULL | korea  |  
| 3 | james  | kim   | youngdun-po | seoul | korea   |  

+----+----------+-----------+-------------+-------+--------+ 3 rows in set (0.00 sec) 
members 테이블에는 4개의 데이터가 있고, 백업 테이블인 members1에는 3개의 데이 터가 있습니다. 트리거 설정을 통하여 데이터를 삭제해 봅니다. 
| 콘솔 실습 화면 | 
mysql> delete from members where Id=4; Query OK, 1 row affected (0.00 sec) 
삭제 명령 실행 후의 테이블의 내용을 다시 한번 확인해 봅니다. 
| 콘솔 실습 화면 | 
mysql> select * from members; +----+----------+-----------+------------+-------+--------+----------+-------------------+ | Id | LastName | FirstName | Address  | City | Country | manager  | email | +----+----------+-----------+------------+-------+--------+----------+-------------------+ 
| 1 | hojin  | lee  | shinchon  | seoul | korea | infohojin | hojin@hojin.io  |  
| 2 | jiny  | NULL  | NULL  | NULL | korea | infohojin | jiny@hojin.io  |  
| 3 | james  | kim  | youngdun-po | seoul | korea | info  | james@hojin.io  |  

+----+----------+-----------+------------+-------+--------+----------+-------------------+ 3 rows in set (0.00 sec) 
mysql> select * from members1; 
+----+----------+-----------+-------------+-------+--------+ 
| 1 | hojin  | lee  | shinchon  | seoul | korea  |  
| 2 | jiny  | NULL  | NULL  | NULL | korea  |  
| 3 | james  | kim   | youngdun-po | seoul | korea   |  
| 0 | eric  | jung  | NULL  | NULL  | NULL  |  

+----+----------+-----------+-------------+-------+--------+ 4 rows in set (0.00 sec) 
members 테이블에서 회원 아이디 4를 삭제합니다. 정상적으로 삭제가 되어 members 
테이블의 회원 목록은 3명으로 줄어들었습니다. 하지만 members 테이블은 DELETE에 
대한 트리거가 설정되어 있기 때문에 실제적인 DELETE 작업을 하기 전에 지정한 백업 쿼리가 먼저 실행됩니다. 
members 테이블에서 삭제되는 회원을 membets1에 복사를 처리한 후에 요청한 삭제 
쿼리를 실행하게 됩니다. 
23.1.2 PHP 실습 
PHP 코드를 통하여 트리거 실습을 진행해 봅니다. 
| PHP 예제 | 
mysql.class.php 파일에 메서드 예제를 추가합니다. 
public function createTrigger($queryTrigger) 
{ $queryString = "DELIMITER //"; mysqli_query($this->dbcon, $queryString); $this->msgEcho($queryString ); 
$this->msgEcho($queryTrigger); if (mysqli_query($this->dbcon, $queryTrigger)=== TRUE) { $this->msgEcho("트리거 성공] ".$queryTrigger); 
$queryString = "DELIMITER ;"; 
mysqli_query($this->dbcon, $queryString); $this->msgEcho($queryString ); 
return true; 
} else { $this->msgEcho("Error] 트리거 생성 실패!"); return false; 
} 
} 
예제 파일 | tri-01.php 
1 <?php 2 3 include "dbinfo.php"; 4 include "mysql.class.php"; 5 6 // ++ Mysqli DB 연결. 7 $db = new JinyMysql(); 8 9 $queryTrigger = " 10 CREATE TRIGGER backup_mem BEFORE DELETE 11 ON members FOR EACH ROW 12 BEGIN 13 INSERT INTO members1 (FirstName,LastName) VALUES (OLD. 
FirstName, OLD.LastName); 14 END"; 15 16 if ($db->createTrigger($queryTrigger)) { 17 echo "Trigger 성공!"; 
18 } else { 19 echo "트리거 생성이 되지 않았습니다."; 
20 } 21 22 ?> 


화면 출력 
mysql connected! DELIMITER // CREATE TRIGGER backup_mem BEFORE DELETE ON members FOR EACH ROW BEGIN INSERT INTO members1 (FirstName,LastName) VALUES (OLD.FirstName, OLD.LastName); END 트리거 성공] CREATE TRIGGER backup_mem BEFORE DELETE ON members FOR EACH ROW BEGIN INSERT INTO members1 (FirstName,LastName) VALUES (OLD.FirstName, OLD. LastName); END DELIMITER ; Trigger 성공! 
23.2.트리거 확인 
작성한 트리거는 데이터베이스 시스템에 저장됩니다. SHOW TRIGGERS; 명령은 트리 거 설정에 대한 정보들을 출력합니다. 
| 쿼리 문법 | 
SHOW TRIGGERS; 
23.2.1 쿼리 실습 
트리거의 내용을 콘솔 명령을 통하여 확인해 봅니다. 앞에서 실습한 트리거의 내용들이 
출력되는 것을 확인할 수 있습니다. 
| 콘솔 실습 화면 | 
mysql> SHOW TRIGGERS; +------------+---------+---------+--------------------------------------­-------------------------------------------------------------------+ +--------+-------------+------------------------+------------------+ +----------------------+----------------------+--------------------+ | Trigger | Event | Table | Statement 
| Timing | Created | sql_mode | Definer | character_set_client | collation_connection | Database Collation | +------------+---------+---------+--------------------------------------­-------------------------------------------------------------------+ +--------+-------------+------------------------+------------------+ +----------------------+----------------------+--------------------+ | backup_mem | DELETE | members | BEGIN INSERT INTO members1 (FirstName,LastName) VALUES (OLD.FirstName, OLD. END | BEFORE | NULL | NO_ENGINE_SUBSTITUTION | root@localhost | utf8 | utf8_general_ci | utf8_general_ci | +------------+---------+---------+--------------------------------------­-------------------------------------------------------------------+ +--------+-------------+------------------------+------------------+ +----------------------+----------------------+--------------------+ 1 row in set (0.03 sec) 
23.2.2 PHP 실습 
PHP 코드를 통하여 트리거의 내용을 확인할 수 있습니다. 관련 처리 메서드를 만들어 봅 니다. 
| PHP 예제 | 
mysql.class.php 파일에 메서드 예제를 추가합니다. 
public function showTriggers() { 
$queryString = "SHOW TRIGGERS"; 
if ($result = mysqli_query($this->dbcon, $queryString)) { $this->msgEcho("쿼리 성공] ".$queryString); $rowss = ""; $row_cnt = mysqli_num_rows($result); for ($i=0; $i<$row_cnt; $i++) { 
$rowss[$i] = mysqli_fetch_object($result); } 
$result->free(); return $rowss; } else { $this->msgEcho("Error] ".$queryString); } } 
예제 파일 | tri-02.php 
1 <?php 2 3 include "dbinfo.php"; 4 include "mysql.class.php"; 5 6 // ++ Mysqli DB 연결. 7 $db = new JinyMysql(); 8 9 if ($rowss = $db->showTriggers()) { 10 echo "tables fields = ". count($rowss) . "<br>"; 11 12 for ($i=0;$i<count($rowss);$i++) { 
13  echo $i."=";  
14  print_r($rowss[$i]);  
15  echo "<br>";  
16  }  
17  } else {  
18  echo "트리거 empty!";  
19  }  
20  
21  ?>  

화면 출력 
mysql connected! 쿼리 성공] SHOW TRIGGERS tables fields = 1 0=stdClass Object ( [Trigger] => backup_mem [Event] => DELETE [Table] => 
members [Statement] => BEGIN INSERT INTO members1 (FirstName,LastName) VALUES (OLD.FirstName, OLD.LastName); END [Timing] => BEFORE [Created] => [sql_mode] => NO_ENGINE_SUBSTITUTION [Definer] => root@localhost [character_set_client] => utf8 [collation_connection] => utf8_general_ci [Database Collation] => utf8_general_ci ) 
23.3.트리거 삭제 
작성한 트리거를 삭제할 수 있습니다. 트리거 삭제 또한 기존에 익숙한 DROP 명령을 통 하여 삭제할 수 있습니다. 
| 쿼리 문법 | 
DROP TRIGGER 트리거명; 
23.3.1 쿼리 실습 
기존에 실습한 트리거를 삭제해 보도록 합니다. 
| 예제 쿼리 | 
drop trigger backup_mem; 
| 콘솔 실습 화면 | 
mysql> drop trigger backup_mem; Query OK, 0 rows affected (0.00 sec) 
23.3.2 PHP 실습 
PHP 코드를 통하여 트리거 삭제 메서드를 만들어 봅니다. 
| PHP 예제 | 
mysql.class.php 파일에 메서드 예제를 추가합니다. 
// 생성한 트리거를 삭제합니다. public function dropTrigger($name) { 
if ($name) { $queryString = "DROP TRIGGER $name"; 
// 쿼리를 전송합니다. 
if (mysqli_query($this->dbcon, $queryString)=== TRUE) { $this->msgEcho("쿼리 성공] ".$queryString); $this->msgEcho("트리거 삭제!"); return true; 
} else { $this->msgEcho("Error] ".$queryString); return false; 
} 
} else { $this->msgEcho("Error] 트리거명을 적어 주세요."); } } 
예제 파일 | tri-03.php 
1 <?php 2 3 include "dbinfo.php"; 4 include "mysql.class.php"; 5 6 // ++ Mysqli DB 연결. 7 $db = new JinyMysql(); 8 9 $name = "backup_mem"; 10 if ($db->dropTrigger($name)) { 11 echo $name."트리거 삭제 성공! <br>"; 
12 13 if ($rowss = $db->showTriggers()) { 14 echo "tables fields = ". count($rowss) . "<br>"; 15 16 for ($i=0;$i<count($rowss);$i++) { 17 echo $i."="; 18 print_r($rowss[$i]); 19 echo "<br>"; 
20 } 
21 } else { 22 echo $name." 트리거를 찾을 수 없습니다."; 
23 } 24 
25 } else { 26 echo "트리거를 삭제할 수 없습니다.<br>"; 
27 } 28 29 ?> 


화면 출력 
mysql connected! 쿼리 성공] DROP TRIGGER backup_mem 트리거 삭제! backup_mem 트리거 삭제 성공! 쿼리성공] SHOW TRIGGERS backup_mem 트리거를 찾을 수 없습니다. 

