# 19.3.중복 허용 
테이블의 데이터를 UNION으로 결합할 때 중복되는 데이터의 내용은 출력되지 않습 니다. UNION은 기본적으로 중복 데이터를 허용하지 않는 형태로 필터링을 처리합니다.  

UNION의 기본 중복 필터링을 허용하지 않고 전체 데이터를 출력할 수도 있습니다. UNION ALL 을 사용하게 되면 모든 전체의 데이터가 출력됩니다.  

| 쿼리 문법 | 
```sql
SELECT 컬럼1, 컬럼2 ... FROM 테이블1 
UNION ALL 
SELECT 컬럼1, 컬럼2 ... FROM 테이블2; 
```

## 19.3.1 쿼리 실습 
앞에서 실습한 두 테이블의 결합의 예를 보면 각각의 테이블은 중복된 데이터 테이블입 니다. 동일한 값이 있는 데도 출력 결과가 2개가 표시되지 않고 1개씩만 표시가 됩니다.  

| 콘솔 실습 화면 | 
```sql
mysql> select FirstName, LastName from members union select FirstName, LastName from members1;
+-----------+----------+
| FirstName | LastName |
+-----------+----------+
| lee       | hojin    |
| NULL      | jiny     |
| kim       | james    |
| jung      | eric     |
+-----------+----------+
4 rows in set (0.00 sec)
```

즉, 중복되는 이름은 제외가 된 것입니다. 다음은 2개의 테이블의 중복값을 포함한 모든 데이터를 출력합니다. 만일 중복된 내용을 모두 출력하기 위해서는 UNION보다 UNION ALL로 사용하면 됩니다.  

| 예제 쿼리 | 
```sql
select FirstName, LastName from members 
union ALL 
select FirstName, LastName from members1; 
```
UNION ALL 을 적용하여 입력하도록 합니다. 

| 콘솔 실습 화면 | 
```
mysql> select FirstName, LastName from members union ALL select FirstName, LastName from members1;
+-----------+----------+
| FirstName | LastName |
+-----------+----------+
| lee       | hojin    |
| NULL      | jiny     |
| kim       | james    |
| jung      | eric     |
| lee       | hojin    |
| NULL      | jiny     |
| kim       | james    |
+-----------+----------+
7 rows in set (0.00 sec)
```

2개의 테이블 모든 데이터가 결합되어 출력됩니다. UNION을 통하여 결과를 결합할 때 의 출력은 첫 번째 SELECT 의 컬럼의 순번 형태로 출력됩니다.  

## 19.3.2 PHP 실습 
PHP 코드를 통하여 UNION 출력을 실습해 보겠습니다. UNION 결과를 처리할 수 있는 메서드를 추가하여 실습해 봅니다.  

| PHP 예제 | 
mysql.class.php 파일에 메서드 예제를 추가합니다. 
```php
// 다수의 query를 union 연결 문장을 실행합니다.
// query 문장을 가진 배열을 입력받습니다.
public function union($queryARR)
{
            for ($i=0;$i<count($queryARR);$i++) {
                $queryString .= "(".$queryARR[$i].") union ";
            }
            $queryString .= ";";
            $queryString = str_replace("union ;","",$queryString);

            if ($result = mysqli_query($this->dbcon, $queryString)) {
                $this->msgEcho("쿼리성공] ".$queryString);
                $rowss = "";
                $row_cnt = mysqli_num_rows($result);
                for ($i=0; $i<$row_cnt; $i++) {
                    $rowss[$i] = mysqli_fetch_object($result);
                }

                $result->free();
                return $rowss;
            } else {
                    $this->msgEcho("Error] ".$queryString);
            }            

}

```

예제 파일 | union-01.php 
```php
<?php

	include "dbinfo.php";
	include "mysql.class.php";
 
	// ++ Mysqli DB 연결.
	$db = new JinyMysql();

	$queryARR = array(
 		'select * from members',
		'select * from members_all' ); 

	if($rowss = $db->union($queryARR)){
		echo "tables fields = ". count($rowss) . "<br>";
 
		for($i=0;$i<count($rowss);$i++){
			echo $i."=";            
			print_r($rowss[$i]);
			echo "<br>";
		}
	}

?>

```

화면 출력  
```
mysql connected!
쿼리성공] (select * from members) union (select * from members_all)
tables fields = 12
0=stdClass Object ( [Id] => 1 [LastName] => hojin [FirstName] => lee [Address] => shinchon [City] => seoul [Country] => Korea [manager] => infohojin [email] => hojin@jinyphp.com )
1=stdClass Object ( [Id] => 2 [LastName] => lee [FirstName] => hojin [Address] => [City] => [Country] => Korea [manager] => infohojin [email] => jiny@jinyphp.com )
2=stdClass Object ( [Id] => 3 [LastName] => james [FirstName] => kim [Address] => youngdun-po [City] => seoul [Country] => Korea [manager] => info [email] => james@jinyphp.com )
3=stdClass Object ( [Id] => 5 [LastName] => 1234 [FirstName] => jiny [Address] => [City] => [Country] => Korea [manager] => [email] => )
4=stdClass Object ( [Id] => 6 [LastName] => 1234 [FirstName] => jiny [Address] => [City] => [Country] => Korea [manager] => [email] => )
5=stdClass Object ( [Id] => 7 [LastName] => 123400 [FirstName] => jiny [Address] => [City] => [Country] => Korea [manager] => [email] => )
6=stdClass Object ( [Id] => 1 [LastName] => 0000-00-00 [FirstName] => 2017-06-02 00:00:00 [Address] => s [City] => seoul [Country] => Korea [manager] => infohojin [email] => hojin@jinyphp.com )
7=stdClass Object ( [Id] => 2 [LastName] => 0000-00-00 [FirstName] => 2017-06-02 00:00:00 [Address] => [City] => [Country] => Korea [manager] => infohojin [email] => jiny@jinyphp.com )
8=stdClass Object ( [Id] => 3 [LastName] => 0000-00-00 [FirstName] => 2017-06-02 00:00:00 [Address] => y [City] => seoul [Country] => Korea [manager] => info [email] => james@jinyphp.com )
9=stdClass Object ( [Id] => 5 [LastName] => 0000-00-00 [FirstName] => 2017-06-02 00:00:00 [Address] => [City] => [Country] => Korea [manager] => [email] => )
10=stdClass Object ( [Id] => 6 [LastName] => 0000-00-00 [FirstName] => 2017-06-02 00:00:00 [Address] => [City] => [Country] => Korea [manager] => [email] => )
11=stdClass Object ( [Id] => 7 [LastName] => 0000-00-00 [FirstName] => 2017-06-02 00:00:00 [Address] => [City] => [Country] => Korea [manager] => [email] => ) 
```