# 11.3.지정 값 출력 
지금까지의 SELECT는 테이블의 컬럼 데이터 값을 읽어와서 출력했습니다. SELECT는 컬럼 데이터 이외에 직접 정의한 상수도 출력할 수 있습니다.  

| 쿼리 문법 | 
```sql
SELECT 상수값, 상수값 ….; 
```

## 11.3.1 쿼리 실습 
SELECT 쿼리 명령어 다음에 단일 따옴표를 통하여 상수값을 입력합니다.  

| 예제 쿼리 | 
```sql
select 'aaa','bbb','ccc'; 
```

상수값이 여러 개일 경우 콤마로 구분합니다. 

| 콘솔 실습 화면 | 
```
mysql> select 'aaa','bbb','ccc';
+-----+-----+-----+
| aaa | bbb | ccc |
+-----+-----+-----+
| aaa | bbb | ccc |
+-----+-----+-----+
1 row in set (0.00 sec)

```

위의 출력 결과를 보면 SELECT 다음에 입력한 상수값을 그냥 출력합니다. 또한 간단한 연산 식도 입력할 수 있습니다. 

| 콘솔 실습 화면 | 
```
mysql> select 1+1;
+-----+
| 1+1 |
+-----+
|   2 |
+-----+
1 row in set (0.00 sec)

```

연산 식은 간단한 계산이나 함수 값을 출력할 때 사용하면 편리합니다. 