I"Æ<h1 id="161ëª…ì¹­-ë³€ê²½">16.1.ëª…ì¹­ ë³€ê²½</h1>
<p>ë³„ì¹­ì€ ê¸°ì¡´ì˜ ì»¬ëŸ¼ëª…ì„ ë‹¤ë¥¸ ì´ë¦„ìœ¼ë¡œ ì„ì‹œë¡œ ë°”ê¾¸ì–´ ì‚¬ìš©í•  ìˆ˜ ìˆìŠµë‹ˆë‹¤. ìƒˆë¡œìš´ ì´ë¦„ ì˜ ë³„ì¹­ì„ ì •ì˜í•˜ëŠ” ë° AS í‚¤ì›Œë“œë¥¼ ì‚¬ìš©í•©ë‹ˆë‹¤.</p>

<p>| ì¿¼ë¦¬ ë¬¸ë²• |</p>
<div class="language-sql highlighter-rouge"><div class="highlight"><pre class="highlight"><code><span class="k">SELECT</span> <span class="err">ì»¬ëŸ¼ëª…</span> <span class="k">AS</span> <span class="err">ë³„ì¹­</span><span class="p">,</span> <span class="err">ì»¬ëŸ¼ëª…</span> <span class="k">AS</span> <span class="err">ë³„ì¹­</span><span class="p">,</span> <span class="err">â€¦</span> <span class="k">FROM</span> <span class="err">í…Œì´ë¸”ëª…</span><span class="p">;</span> 
</code></pre></div></div>

<p>ì»¬ëŸ¼ëª… ë’¤ì— AS í‚¤ì›Œë“œì™€ ë³„ì¹­ëª…ì„ ë„£ì–´ì„œ SQL ì¿¼ë¦¬ë¬¸ì„ ì‘ì„±í•˜ë©´ ë©ë‹ˆë‹¤.</p>

<h2 id="1611-ì¿¼ë¦¬-ì‹¤ìŠµ">16.1.1 ì¿¼ë¦¬ ì‹¤ìŠµ</h2>
<p>ë³„ì¹­ì„ ì‚¬ìš©í•˜ë©´ ì¢€ ë” ì»¬ëŸ¼ëª…ì„ ì½ê¸° ì‰½ê²Œ ë³€ê²½í•˜ê±°ë‚˜, ì§§ì€ ì´ë¦„ìœ¼ë¡œ ë³€ê²½í•  ìˆ˜ë„ ìˆìŠµë‹ˆë‹¤. ê¸°ì¡´ì˜ íšŒì› ë°ì´í„°ë¥¼ ì¡°íšŒí•˜ë©´ ë‹¤ìŒê³¼ ê°™ìŠµë‹ˆë‹¤.</p>

<p>| ì½˜ì†” ì‹¤ìŠµ í™”ë©´ |</p>
<div class="highlighter-rouge"><div class="highlight"><pre class="highlight"><code>mysql&gt; select * from members;
+----+----------+-----------+-------------+-------+---------+
| Id | LastName | FirstName | Address     | City  | Country |
+----+----------+-----------+-------------+-------+---------+
|  1 | hojin    | lee       | shinchon    | seoul | korea   |
|  2 | jiny     | NULL      | NULL        | NULL  | korea   |
|  3 | james    | kim       | youngdun-po | seoul | korea   |
|  4 | eric     | jung      | seocho-gu   | seoul | korea   |
+----+----------+-----------+-------------+-------+---------+
4 rows in set (0.00 sec)

</code></pre></div></div>

<p>ì»¬ëŸ¼ì˜ ì´ë¦„ì´ ì˜ë¬¸ìœ¼ë¡œ ì¶œë ¥ë©ë‹ˆë‹¤. ì˜ë¬¸ ì»¬ëŸ¼ ì´ë¦„ì„ í•œê¸€ ì´ë¦„ìœ¼ë¡œ ë³„ì¹­ì„ ì§€ì •í•´ ë´…ë‹ˆë‹¤.</p>

<p>| ì˜ˆì œ ì¿¼ë¦¬ |</p>
<div class="language-sql highlighter-rouge"><div class="highlight"><pre class="highlight"><code><span class="k">select</span> <span class="n">LastName</span> <span class="k">as</span> <span class="err">ì´ë¦„</span><span class="p">,</span> <span class="n">FirstName</span> <span class="k">as</span> <span class="err">ì„±</span> <span class="k">from</span> <span class="n">members</span><span class="p">;</span> 
</code></pre></div></div>

<p>| ì½˜ì†” ì‹¤ìŠµ í™”ë©´ |</p>
<div class="highlighter-rouge"><div class="highlight"><pre class="highlight"><code>mysql&gt; select LastName as ì´ë¦„, FirstName as ì„± from members;
+--------+--------+
| ì´ë¦„   | ì„±   |
+--------+--------+
| hojin  | lee    |
| jiny   | NULL   |
| james  | kim    |
| eric   | jung   |
+--------+--------+
4 rows in set (0.01 sec)
</code></pre></div></div>

<p>ì»¬ëŸ¼ì˜ ëª…ì¹­ì´ í•œê¸€ë¡œ ë³€ê²½ë˜ì—ˆìŠµë‹ˆë‹¤.</p>

<h2 id="1612-php-ì‹¤ìŠµ">16.1.2 PHP ì‹¤ìŠµ</h2>
<p>PHP ì½”ë“œì—ì„œë„ ë³„ì¹­ì„ ì‚¬ìš©í•˜ì—¬ ì¿¼ë¦¬ë¥¼ ì „ì†¡í•˜ëŠ” ì‹¤ìŠµì„ í•´ë´…ë‹ˆë‹¤.<br />
ì˜ˆì œ íŒŒì¼ | alias-01.php</p>
<div class="language-php highlighter-rouge"><div class="highlight"><pre class="highlight"><code><span class="cp">&lt;?php</span>
 
	<span class="k">include</span> <span class="s2">"dbinfo.php"</span><span class="p">;</span>
	<span class="k">include</span> <span class="s2">"mysql.class.php"</span><span class="p">;</span>
 
	<span class="c1">// ++ Mysqli DB ì—°ê²°.</span>
	<span class="nv">$db</span> <span class="o">=</span> <span class="k">new</span> <span class="nx">JinyMysql</span><span class="p">();</span>
 
	<span class="nv">$tbname</span> <span class="o">=</span> <span class="s2">"members"</span><span class="p">;</span>
 
	<span class="c1">// ì»¬ëŸ¼ ì§€ì •ì¡°íšŒ </span>
	<span class="k">echo</span> <span class="s2">"===== ì»¬ëŸ¼ì¡°íšŒ =====&lt;br&gt;"</span><span class="p">;</span>
	<span class="k">if</span> <span class="p">(</span><span class="nv">$rowss</span> <span class="o">=</span> <span class="nv">$db</span><span class="o">-&gt;</span><span class="na">select</span><span class="p">(</span><span class="nv">$tbname</span><span class="p">,</span><span class="s2">"FirstName as ì´ë¦„, LastName as ì„±"</span><span class="p">))</span> <span class="p">{</span>
		<span class="k">echo</span> <span class="s2">"tables fields = "</span><span class="o">.</span> <span class="nb">count</span><span class="p">(</span><span class="nv">$rowss</span><span class="p">)</span> <span class="o">.</span> <span class="s2">"&lt;br&gt;"</span><span class="p">;</span>
 
		<span class="k">for</span> <span class="p">(</span><span class="nv">$i</span><span class="o">=</span><span class="mi">0</span><span class="p">;</span><span class="nv">$i</span><span class="o">&lt;</span><span class="nb">count</span><span class="p">(</span><span class="nv">$rowss</span><span class="p">);</span><span class="nv">$i</span><span class="o">++</span><span class="p">)</span> <span class="p">{</span>
			<span class="k">echo</span> <span class="nv">$i</span><span class="o">.</span><span class="s2">"="</span><span class="p">;</span>            
			<span class="nb">print_r</span><span class="p">(</span><span class="nv">$rowss</span><span class="p">[</span><span class="nv">$i</span><span class="p">]);</span>
			<span class="k">echo</span> <span class="s2">"&lt;br&gt;"</span><span class="p">;</span>
		<span class="p">}</span>
	<span class="p">}</span>
 
<span class="cp">?&gt;</span>

</code></pre></div></div>

<p>í™”ë©´ ì¶œë ¥</p>
<div class="highlighter-rouge"><div class="highlight"><pre class="highlight"><code>mysql connected!
===== ì»¬ëŸ¼ì¡°íšŒ =====
ì¿¼ë¦¬ì„±ê³µ] SELECT FirstName as ì´ë¦„, LastName as ì„± FROM members;
tables fields = 6
0=stdClass Object ( [ì´ë¦„] =&gt; lee [ì„±] =&gt; hojin )
1=stdClass Object ( [ì´ë¦„] =&gt; hojin [ì„±] =&gt; lee )
2=stdClass Object ( [ì´ë¦„] =&gt; kim [ì„±] =&gt; james )
3=stdClass Object ( [ì´ë¦„] =&gt; jiny [ì„±] =&gt; 1234 )
4=stdClass Object ( [ì´ë¦„] =&gt; jiny [ì„±] =&gt; 1234 )
5=stdClass Object ( [ì´ë¦„] =&gt; jiny [ì„±] =&gt; 123400 ) 

</code></pre></div></div>
:ET