
Chapter 
넘버투 PHP 
20 
조인 
SQL은 UNION보다 한 단계 더 향상된 내부결합 기능은 JOIN을 지원합니다. JOIN은 UNION처럼 여러 개의 테이블을 결합할 수 있습니다. 
UNION은 단순한 출력 결과를 결합하는 것과 달리 JOIN은 테이블의 키 값을 중심으로 테이블의 데이터를 결합니다. 이러한 키 값의 결합은 관계형 데이터베이스를 이용하는 중 요한 이유입니다. 
20.1.내부 조인 
내부 조인 (INNER JOIN)은 일치하는 키 값의 데이터만 출력합니다. 2개의 테이블의 컬럼 과 컬럼을 처리하여 데이터를 출력합니다. 내부 조인은 JOIN 키워드 외에 INNER JOIN 이라고 입력해도 됩니다. 
| 쿼리 문법 | 
SELECT 컬럼, 컬럼 from 테이블1 JOIN 테이블2 ON 테이블1.컬럼 = 테이블2.컬럼; 
위의 문법은 간단한 JOIN입니다. 결합되는 조건은 JOIN 키워드 다음에 결합할 테이블명 과 키 값의 조건을 작성합니다. 결합 조건 ON 키워드 다음에 결합의 기준이 되는 컬럼 조 건을 설정합니다. 
컬럼의 조건을 선언할 때는 컬럼명과는 의미가 없습니다. 즉 JOIN 결합하고자 하는 테이 블에 일치하는 이름의 컬럼을 만들거나, 이름 규격을 유지하지 않아도 됩니다. 
예로 table1.aaa = table2.bbb 형태로 작성해도 됩니다. 
20.1.1 쿼리 실습 
JOIN 키워드를 통하여 내부 조인 처리 방법을 실습해 보도록 하겠습니다. 다음 예제는 회원 테이블과 주문 목록 테이블의 데이터를 결합합니다. 결합하는 조건은 각각의 테이블 
에 있는 이메일 주소 값을 기준으로 합니다. 
| 예제 쿼리 | 
SELECT * from members JOIN orders1 ON members.email = orders1.email; 
| 콘솔 실습 화면 | 
mysql> SELECT * from members JOIN orders1 ON members.email = orders1.email; +----+--------------+-----------+----------+-------+---------+----------+ +-------------------+-----------+----------+----------------------------+ | Id | LastName | FirstName | Address | City | Country | manager | | email | Id | code | email | +----+-------------+-----------+-----------+-------+---------+----------+ +-------------------+-----------+----------+----------------------------+ | 1 | hojin | lee | shinchon | seoul | korea | infohojin | | hojin@hojin.io | 1 | O_001 | hojin@hojin.io | | 1 | hojin | lee | shinchon | seoul | korea | infohojin | | hojin@hojin.io | 2 | O_002 | hojin@hojin.io | | 4 | eric | jung | seocho-gu | busan | korea | info | eric@hojin.io | 3 | O_003 | eric@hojin.io | +----+-------------+-----------+-----------+-------+---------+----------+ +-------------------+-----------+----------+----------------------------+ 3 rows in set (0.00 sec) 
이메일 주소가 동일한 데이터를 기준으로 2개의 테이블의 데이터가 출력됩니다. 
JOIN은 컬럼 안에 들어 있는 데이터를 기준으로 결합합니다. 만일 2개 테이블의 컬럼 이 름이 동일하다면 USING 키워드를 이용하여 조건 값 앞에 붙어 있는 테이블명을 생략할 수 있습니다. 
| 예제 쿼리 | 
SELECT * from members JOIN orders1 ON USING(email); 
와일드 카드 *는 결합되는 테이블의 모든 컬럼 필드가 출력됩니다. 출력할 컬럼을 직접 입 력하면 선택된 컬럼만 출력됩니다. 컬럼을 선택할 때는 테이블명.컬럼명 형태로 입력합 
니다. 
| 콘솔 실습 화면 | 
mysql> SELECT members.FirstName, members.LastName, orders1.code, orders1. email from members JOIN orders1 ON members.email = orders1.email; +-----------+----------+-------+-------------------+ | FirstName | LastName | code | email | +-----------+----------+-------+-------------------+ 
| lee  | hojin  | O_001 | hojin@hojin.io  |  
| lee  | hojin  | O_002 | hojin@hojin.io  |  
| jung  | eric  | O_003 | eric@hojin.io  |  

+-----------+----------+-------+-------------------+ 3 rows in set (0.01 sec) 
조인 결합 시에는 테이블명과 컬럼명을 함께 입력하기 때문에 쿼리의 작성 문법이 길어질 
수 있습니다. 또한 길어진 이름은 철자 오류를 발생할 수도 있습니다. 이런 경우 별칭을 
이용하면 매우 편리합니다. 
별칭은 테이블명, 컬럼 이름 모두 사용 가능합니다. 별칭을 사용하면 길어진 이름을 짧게 
처리할 수 있습니다. 
| 콘솔 실습 화면 | 
mysql> SELECT a.FirstName, a.LastName, b.code, b.email from members AS a JOIN orders1 as b ON a.email = b.email; +-----------+----------+-------+-------------------+ | FirstName | LastName | code | email | +-----------+----------+-------+-------------------+ 
| lee  | hojin  | O_001 | hojin@hojin.io  |  
| lee  | hojin  | O_002 | hojin@hojin.io  |  
| jung  | eric  | O_003 | eric@hojin.io  |  

+-----------+----------+-------+-------------------+ 3 rows in set (0.00 sec) 
20.1.2 조건 추가 
JOIN으로 결합된 출력 결과에 추가로 WHERE 조건을 설정하여 데이터를 필터링할 수 있습니다. 다음 예제는 별칭을 이용하여 JOIN을 설정합니다. 또한 Where 조건을 추가 
하여 데이터를 출력합니다. 
| 예제 쿼리 | 
SELECT a.FirstName, a.LastName, b.code, b.email from members AS a JOIN orders1 as b ON a.email=b.email WHERE a.email = 'eric@hojin.io'; 
| 콘솔 실습 화면 | 
mysql> SELECT a.FirstName, a.LastName, b.code, b.email from members AS a JOIN orders1 as b ON a.email=b.email WHERE a.email = 'eric@hojin.io'; +-----------+----------+-------+------------------+ | FirstName | LastName | code | email | +-----------+----------+-------+------------------+ | jung | eric | O_003 | eric@hojin.io | +-----------+----------+-------+------------------+ 1 row in set (0.00 sec) 
출력 결과에서 조건을 추가하여 결과를 필터링합니다. 
20.1.3 다수 테이블 
JOIN은 여러 개의 테이블의 데이터를 필터링하여 결과를 결합할 수 있습니다. 
| 쿼리 문법 | 
SELECT 컬럼, 컬럼 from 테이블1 JOIN 테이블2 ON 테이블1.컬럼 = 테이블2.컬럼 JOIN 테이블3 ON USING (컬럼) ... JOIN 테이블4 ON 테이블1.컬럼 = 테이블4.컬럼; 
JOIN 키워드를 통하여 결합 조건을 연결하면 됩니다. 
20.1.4 PHP 실습 
PHP 코드를 통하여 JOIN 결합 처리를 실습해 보도록 합니다. 내부 조인 메서드를 추가 하여 실습하도록 하겠습니다. 
| PHP 예제 | 
mysql.class.php 파일에 메서드 예제를 추가합니다. 
// 내부조인을 처리합니다. public function innerJoin($tbname1, $tbname2, $onWhere, $fields) { 
$queryString = "SELECT "; 
// 컬럼 필드 선택 여부를 지정 if ($fields) { $queryString .= $fields." "; } else { $queryString .= "* "; } 
$queryString .= "from $tbname1 JOIN $tbname2 ON $onWhere"; 
if ($result = mysqli_query($this->dbcon, $queryString)) { $this->msgEcho("쿼리 성공] ".$queryString); $rowss = ""; $row_cnt = mysqli_num_rows($result); for ($i=0; $i<$row_cnt; $i++) { 
$rowss[$i] = mysqli_fetch_object($result); } 
$result->free(); return $rowss; } else { $this->msgEcho("Error] ".$queryString); } 
} 
예제 파일 | join-01.php 
1 <?php 2 3 include "dbinfo.php"; 
4 include "mysql.class.php"; 5 6 // ++ Mysqli DB 연결. 7 $db = new JinyMysql(); 8 9 if ($rowss = $db->innerJoin("members","orders","members.email=orders. 
email")) { 10 echo "tables fields = ". count($rowss) . "<br>"; 11 12 for ($i=0;$i<count($rowss);$i++) { 13 echo $i."="; 14 print_r($rowss[$i]); 15 echo "<br>"; 
16 } 
17 } 18 19 ?> 


화면 출력 
mysql connected! 쿼리 성공] SELECT * from members JOIN orders ON members.email=orders.email tables fields = 2 0=stdClass Object ( [Id] => 1 [LastName] => hojin [FirstName] => lee [Address] => shinchon [City] => seoul [Country] => Korea [manager] => infohojin [email] => hojin@hojin.io [code] => O_001 ) 1=stdClass Object ( [Id] => 2 [LastName] => hojin [FirstName] => lee [Address] => shinchon [City] => seoul [Country] => Korea [manager] => infohojin [email] => hojin@hojin.io [code] => O_002 ) 
20.2.외부 조인 
JOIN 결합은 여러 개의 테이블의 집합 관계를 지정하여 일치하는 조건의 데이터를 출력 합니다. 또한 집합 관계에 따라서 동작하는 명령과 결과는 약간씩 달라집니다. 
내부 조인 (inner join)은 테이블 데이터 결합을 할 때 키 값을 기준으로 일치하는 조건의 데 
이터만 출력합니다. 즉, 두 테이블의 교집합 영역입니다. 
INNER JOIN 
table1 

따라서 공통의 자료 이외의 것들은 출력되지 않습니다. 내부 조인은 가장 많이 사용하는 검색 결합 집합 중 하나입니다. 
교집합 적인 데이터를 정의했다고 하면 그 외의 결합 조건도 있습니다. 그 외의 결합 조건 을 외부 조인 (outer join)이라고 표현합니다. 외부 조인은 테이블의 교집합 이외의 영역을 선택할 수 있습니다. 
외부 조인으로는 크게 LEFT JOIN, RIGHT JOIN, FULL JOIN 으로 구분할 수 있습니다. 그림으로 표시하면 다음과 같습니다. 
LEFT JOIN RIGHT JOIN FULL OUTER JOIN 

table1 

20.3.LEFT 조인 
LEFT 조인은 왼쪽의 테이블의 데이터를 기준으로 오른쪽의 테이블을 결합합니다. 출력 결과는 왼쪽의 데이터를 모두 출력하고, 일치하는 오른쪽 데이터를 추가합니다. 
LEFT JOIN 

| 쿼리 문법 | 
SELECT 컬럼1, 컬럼2, 컬럼3, … from 테이블1 
LEFT JOIN 
테이블2 ON 테이블1.컬럼 =테이블2.컬럼 
20.3.1 쿼리 실습 
LEFT 조인 명령을 통하여 일치하는 데이터를 출력해 보도록 하겠습니다. 
| 예제 쿼리 | 
SELECT a.FirstName, a.LastName, b.code, b.email from members AS a LEFT JOIN orders1 as b ON a.email=b.email; 
| 콘솔 실습 화면 | 
mysql> SELECT a.FirstName, a.LastName, b.code, b.email from members AS a LEFT JOIN orders1 as b ON a.email=b.email; +-----------+----------+------+-------------------+ | FirstName | LastName | code | email | +-----------+----------+------+-------------------+ 
| lee  | hojin  | O_001 | hojin@hojin.io  |  
| lee  | hojin  | O_002 | hojin@hojin.io  |  
| jung  | eric  | O_003 | eric@hojin.io  |  
| NULL  | jiny  | NULL | NULL  |  

| kim | james | NULL | NULL | +-----------+----------+-------+------------------+ 5 rows in set (0.01 sec) 
위의 예의 출력을 보면 왼쪽의 테이블을 중심으로 데이터가 출력됩니다. 또한 join된 오 른쪽의 데이터도 출력됩니다. 서로 일치하지 않는 데이터는 NULL로 표기됩니다. 
20.3.2 PHP 실습 
PHP 코드를 통하여 LEFT 조인 실습을 해보도록 하겠습니다. 
| PHP 예제 | 
mysql.class.php 파일에 메서드 예제를 추가합니다. 
// LEFT조인을 처리합니다. public function leftJoin($tbname1, $tbname2, $onWhere, $fields) { 
$queryString = "SELECT "; 
// 컬럼 필드 선택 여부를 지정 if ($fields) { $queryString .= $fields." "; } else { $queryString .= "* "; } 
$queryString .= "from $tbname1 LEFT JOIN $tbname2 ON $onWhere"; 
if ($result = mysqli_query($this->dbcon, $queryString)) { $this->msgEcho("쿼리 성공] ".$queryString); $rowss = ""; $row_cnt = mysqli_num_rows($result); for ($i=0; $i<$row_cnt; $i++) { 
$rowss[$i] = mysqli_fetch_object($result); } 
$result->free(); return $rowss; } else { $this->msgEcho("Error] ".$queryString); } 
} 
예제 파일 | join-02.php 
1 <?php 
2 
3 include "dbinfo.php"; 
4 include "mysql.class.php"; 
5 
6 // ++ Mysqli DB 연결. 
7 $db = new JinyMysql(); 
8 
9 if ($rowss = $db->leftJoin("members","orders","members.email=orders. email")) { 
10 echo "tables fields = ". count($rowss) . "<br>"; 
11 
12 for ($i=0;$i<count($rowss);$i++) { 
13 14 15 16 17 18 19  ?>  }  }  echo $i."="; print_r($rowss[$i]); echo "<br>";  
화면 출력  

mysql connected! 쿼리 성공] SELECT * from members LEFT JOIN orders ON members.email=orders.email tables fields = 7 0=stdClass Object ( [Id] => 1 [LastName] => hojin [FirstName] => lee [Address] => shinchon [City] => seoul [Country] => Korea [manager] => infohojin [email] => hojin@hojin.io [code] => O_001 ) 1=stdClass Object ( [Id] => 2 [LastName] => hojin [FirstName] => lee [Address] 
=> shinchon [City] => seoul [Country] => Korea [manager] => infohojin [email] => hojin@hojin.io [code] => O_002 ) 2=stdClass Object ( [Id] => [LastName] => lee [FirstName] => hojin [Address] => [City] => [Country] => Korea [manager] => infohojin [email] => [code] => ) 3=stdClass Object ( [Id] => [LastName] => james [FirstName] => kim [Address] => youngdun-po [City] => seoul [Country] => Korea [manager] => info [email] => [code] => ) 4=stdClass Object ( [Id] => [LastName] => 1234 [FirstName] => jiny [Address] => [City] => [Country] => Korea [manager] => [email] => [code] => ) 5=stdClass Object ( [Id] => [LastName] => 1234 [FirstName] => jiny [Address] => [City] => [Country] => Korea [manager] => [email] => [code] => ) 6=stdClass Object ( [Id] => [LastName] => 123400 [FirstName] => jiny [Address] => [City] => [Country] => Korea [manager] => [email] => [code] => ) 
20.4.RIGHT 조인 
RIGHT 조인은 오른쪽의 테이블의 데이터를 기준으로 왼쪽의 테이블을 결합합니다. 출 력 결과는 오른쪽의 데이터를 모두 출력하고, 일치하는 왼쪽 데이터를 추가합니다. 
RIGHT JOIN 
table1 

| 쿼리 문법 | 
SELECT 컬럼1, 컬럼2, 컬럼3, … from 테이블1 
RIGHT JOIN 
테이블2 ON 테이블1.컬럼 =테이블2.컬럼 
20.4.1 쿼리 실습 
RIGHT 조인 명령을 통하여 일치하는 데이터를 출력해 보도록 하겠습니다. 
| 예제 쿼리 | 
SELECT a.FirstName, a.LastName, b.code, b.email from members AS a RIGHT JOIN orders1 as b ON a.email=b.email; 
| 콘솔 실습 화면 | 
mysql> SELECT a.FirstName, a.LastName, b.code, b.email from members AS a RIGHT JOIN orders1 as b ON a.email=b.email; +-----------+----------+-------+------------------+ | FirstName | LastName | code | email | +-----------+----------+-------+------------------+ 
| lee  | hojin  | O_001 | hojin@hojin.io  |  
| lee  | hojin  | O_002 | hojin@hojin.io  |  
| jung  | eric  | O_003 | eric@hojin.io  |  
| NULL  | NULL  | O_004 | NULL  |  
| NULL  | NULL  | O_005 | NULL  |  
| NULL  | NULL  | O_006 | NULL  |  
| NULL  | NULL  | O_007 | NULL  |  
| NULL  | NULL  | O_008 | NULL  |  
| NULL  | NULL  | O_009 | NULL  |  
| NULL  | NULL  | O_010 | NULL  |  

+-----------+----------+-------+------------------+ 10 rows in set (0.00 sec) 
20.4.2 PHP 실습 
PHP 코드를 통하여 RIGHT 조인을 실습해 보도록 하겠습니다. 
| PHP 예제 | 
mysql.class.php 파일에 메서드 예제를 추가합니다. 
// RIGHT 조인을 처리합니다. public function rightJoin($tbname1, $tbname2, $onWhere, $fields) { 
$queryString = "SELECT "; 
// 컬럼 필드 선택 여부를 지정 if ($fields) { $queryString .= $fields." "; } else { $queryString .= "* "; } 
$queryString .= "from $tbname1 LEFT JOIN $tbname2 ON $onWhere"; 
if ($result = mysqli_query($this->dbcon, $queryString)) { $this->msgEcho("쿼리 성공] ".$queryString); $rowss = ""; $row_cnt = mysqli_num_rows($result); for ($i=0; $i<$row_cnt; $i++) { 
$rowss[$i] = mysqli_fetch_object($result); } 
$result->free(); return $rowss; } else { $this->msgEcho("Error] ".$queryString); } 
} 
예제 파일 | join-03.php 
1 <?php 2 3 include "dbinfo.php"; 4 include "mysql.class.php"; 5 6 // ++ Mysqli DB 연결. 7 $db = new JinyMysql(); 
8 9 if ($rowss = $db->rightJoin("members","orders","members.email=orders. 
email")) { 10 echo "tables fields = ". count($rowss) . "<br>"; 11 12 for ($i=0;$i<count($rowss);$i++) { 13 echo $i."="; 14 print_r($rowss[$i]); 15 echo "<br>"; 
16 } 
17 } 18 19 ?> 


화면 출력 
mysql connected! 쿼리 성공] SELECT * from members LEFT JOIN orders ON members.email=orders.email tables fields = 7 0=stdClass Object ( [Id] => 1 [LastName] => hojin [FirstName] => lee [Address] => shinchon [City] => seoul [Country] => Korea [manager] => infohojin [email] => hojin@hojin.io [code] => O_001 ) 1=stdClass Object ( [Id] => 2 [LastName] => hojin [FirstName] => lee [Address] => shinchon [City] => seoul [Country] => Korea [manager] => infohojin [email] => hojin@hojin.io [code] => O_002 ) 2=stdClass Object ( [Id] => [LastName] => lee [FirstName] => hojin [Address] => [City] => [Country] => Korea [manager] => infohojin [email] => [code] => ) 3=stdClass Object ( [Id] => [LastName] => james [FirstName] => kim [Address] => youngdun-po [City] => seoul [Country] => Korea [manager] => info [email] => [code] => ) 4=stdClass Object ( [Id] => [LastName] => 1234 [FirstName] => jiny [Address] => [City] => [Country] => Korea [manager] => [email] => [code] => ) 5=stdClass Object ( [Id] => [LastName] => 1234 [FirstName] => jiny [Address] => [City] => [Country] => Korea [manager] => [email] => [code] => ) 6=stdClass Object ( [Id] => [LastName] => 123400 [FirstName] => jiny [Address] => [City] => [Country] => Korea [manager] => [email] => [code] => ) 
20.5.FULL 조인 
FULL 조인은 2개의 테이블을 모든 합집합을 의미합니다. 2개의 테이블 좌우 모두의 데이 터를 출력합니다. 
FULL OUTER JOIN 

FULL 조인은 2개의 테이블 모두를 출력하기 때문에 큰 데이터 결과가 조회될 수 있습 니다. 
| 쿼리 문법 | 
SELECT 컬럼1, 컬럼2, 컬럼3, . from 테이블1 
LEFT JOIN 
테이블2 ON 테이블1.컬럼 =테이블2.컬럼 
UNION ALL 
SELECT 컬럼1, 컬럼2, 컬럼3, …. from 테이블1 
RIGHT JOIN 
테이블2 ON 테이블1.컬럼 =테이블2.컬럼 
20.5.1 쿼리 실습 
FULL RIGHT 조인 명령을 다음과 같은 형태로 쿼리문을 작성할 수 있습니다. 
| 예제 쿼리 | 
SELECT * from members LEFT JOIN orders ON members.email=orders.email union all SELECT * from members RIGHT JOIN orders ON members.email=orders.email 
20.5.2 PHP 실습 
PHP 코드를 통하여 FULL 조인을 실습해 봅니다. 
| PHP 예제 | 
mysql.class.php 파일에 메서드 예제를 추가합니다. 
// FULL 조인을 처리합니다. public function fullJoin($tbname1, $tbname2, $onWhere, $fields) { 
$queryString = "SELECT "; 
// 컬럼 필드 선택 여부를지정 if ($fields) { $queryString .= $fields." "; } else { $queryString .= "* "; } 
$queryString = $queryString."from $tbname1 LEFT JOIN $tbname2 ON $onWhere"." union all ".$queryString."from $tbname1 RIGHT JOIN $tbname2 ON $onWhere"; 
if ($result = mysqli_query($this->dbcon, $queryString)) { $this->msgEcho("쿼리 성공] ".$queryString); $rowss = ""; $row_cnt = mysqli_num_rows($result); for ($i=0; $i<$row_cnt; $i++) { 
$rowss[$i] = mysqli_fetch_object($result); } 
$result->free(); return $rowss; } else { $this->msgEcho("Error] ".$queryString); } 
} 
예제 파일 | join-04.php 
1 <?php 
2 
3 include "dbinfo.php"; 
4 include "mysql.class.php"; 
5 
6 // ++ Mysqli DB 연결. 
7 $db = new JinyMysql(); 
8 
9 if ($rowss = $db->fullJoin("members","orders","members.email=orders. email")) { 
10 echo "tables fields = ". count($rowss) . "<br>"; 
11 
12 for ($i=0;$i<count($rowss);$i++) { 
13 14 15 16 17 18 19  ?>  }  }  echo $i."="; print_r($rowss[$i]); echo "<br>";  
화면 출력  

mysql connected! 쿼리 성공] SELECT * from members LEFT JOIN orders ON members.email=orders.email union all SELECT * from members RIGHT JOIN orders ON members.email=orders. email tables fields = 17 0=stdClass Object ( [Id] => 1 [LastName] => hojin [FirstName] => lee [Address] => shinchon [City] => seoul [Country] => Korea [manager] => infohojin [email] 
=> hojin@hojin.io [code] => O_001 ) 1=stdClass Object ( [Id] => 2 [LastName] => hojin [FirstName] => lee [Address] => shinchon [City] => seoul [Country] => Korea [manager] => infohojin [email] => hojin@hojin.io [code] => O_002 ) 2=stdClass Object ( [Id] => [LastName] => lee [FirstName] => hojin [Address] => [City] => [Country] => Korea [manager] => infohojin [email] => [code] => ) 3=stdClass Object ( [Id] => [LastName] => james [FirstName] => kim [Address] => youngdun-po [City] => seoul [Country] => Korea [manager] => info [email] => [code] => ) 4=stdClass Object ( [Id] => [LastName] => 1234 [FirstName] => jiny [Address] => [City] => [Country] => Korea [manager] => [email] => [code] => ) 5=stdClass Object ( [Id] => [LastName] => 1234 [FirstName] => jiny [Address] => [City] => [Country] => Korea [manager] => [email] => [code] => ) 6=stdClass Object ( [Id] => [LastName] => 123400 [FirstName] => jiny [Address] => [City] => [Country] => Korea [manager] => [email] => [code] => ) 7=stdClass Object ( [Id] => 1 [LastName] => hojin [FirstName] => lee [Address] => shinchon [City] => seoul [Country] => Korea [manager] => infohojin [email] => hojin@hojin.io [code] => O_001 ) 8=stdClass Object ( [Id] => 2 [LastName] => hojin [FirstName] => lee [Address] => shinchon [City] => seoul [Country] => Korea [manager] => infohojin [email] => hojin@hojin.io [code] => O_002 ) 9=stdClass Object ( [Id] => 3 [LastName] => [FirstName] => [Address] => [City] => [Country] => [manager] => [email] => eric@hojin.io [code] => O_003 ) 10=stdClass Object ( [Id] => 4 [LastName] => [FirstName] => [Address] => [City] => [Country] => [manager] => [email] => [code] => O_004 ) 11=stdClass Object ( [Id] => 5 [LastName] => [FirstName] => [Address] => [City] => [Country] => [manager] => [email] => [code] => O_005 ) 12=stdClass Object ( [Id] => 6 [LastName] => [FirstName] => [Address] => [City] => [Country] => [manager] => [email] => [code] => O_006 ) 13=stdClass Object ( [Id] => 7 [LastName] => [FirstName] => [Address] => [City] => [Country] => [manager] => [email] => [code] => O_007 ) 14=stdClass Object ( [Id] => 8 [LastName] => [FirstName] => [Address] => [City] => [Country] => [manager] => [email] => [code] => O_008 ) 15=stdClass Object ( [Id] => 9 [LastName] => [FirstName] => [Address] => [City] => [Country] => [manager] => [email] => [code] => O_009 ) 16=stdClass Object ( [Id] => 10 [LastName] => [FirstName] => [Address] => [City] => [Country] => [manager] => [email] => [code] => O_010 ) 
20.6.SELF 조인 
지금까지의 JOIN 결합은 서로 다른 테이블을 결합하는 것입니다. SELF 조인은 자기 자 신의 동일한 테이블명끼리 결합하는 것을 말합니다. 
| 쿼리 문법 | 
SELECT 컬럼 FROM 테이블 AS 별명1 JOIN 테이블 AS 별명2; 
20.6.1 쿼리 실습 
다음은 SELF 조인 형태의 쿼리 예제입니다. 예제를 작성하고 출력 결과를 확인해 보도록 하겠습니다. 
| 예제 쿼리 | 
SELECT FirstName, LastName FROM members AS mem1 JOIN members AS mem2; 
| 콘솔 실습 화면 | 
mysql> SELECT FirstName, LastName FROM members; +-----------+----------+ | FirstName | LastName | +-----------+----------+ 
| lee  | hojin  |  
| NULL  | jiny  |  
| kim  | james  |  
| jung  | eric  |  

+-----------+----------+ 4 rows in set (0.00 sec) 
mysql> SELECT mem1.FirstName, mem1.LastName FROM members AS mem1 JOIN members AS mem2; 
+-----------+----------+ | FirstName | LastName | +-----------+----------+ 
| lee  | hojin  |  
| NULL  | jiny  |  
| kim  | james  |  
| jung  | eric  |  
| lee  | hojin  |  
| NULL  | jiny  |  
| kim  | james  |  
| jung  | eric  |  
| lee  | hojin  |  
| NULL  | jiny  |  
| kim  | james  |  
| jung  | eric  |  
| lee  | hojin  |  
| NULL  | jiny  |  
| kim  | james  |  
| jung  | eric  |  

+-----------+----------+ 16 rows in set (0.00 sec) 
셀프 조인을 하게 되면 자기의 모든 레코드에 대해서 다시 자신의 모든 레코드를 더하여 출력합니다. 셀프 조인은 자신의 데이터가 4개와 또 다시 4개가 처리되어 16개의 자료로 출력됩니다. 즉, 자신의 데이터의 ^2 형태의 자료가 생성됩니다. 
셀프 조인을 사용할 때는 방대하게 생성되는 데이터 결과에 주의해야 합니다. 그럼에도 불구하고 셀프 조인을 사용하는 목적은 자신의 테이블의 모든 조건의 결과를 확인하기 위 해서입니다. 
20.6.2 PHP 실습 
PHP 코드를 통하여 SELF 조인을 실습해 보도록 하겠습니다. 
| PHP 예제 | 
mysql.class.php 파일에 메서드 예제를 추가합니다. 
// SELF 조인을 처리합니다. public function selfJoin($tbname, $fields) { 
$queryString = "SELECT "; 
// 컬럼 필드 선택 여부를 지정 if ($fields) { $queryString .= $fields." "; } else { $queryString .= "* "; } 
$queryString .= "from $tbname as a JOIN $tbname as b"; 
if ($result = mysqli_query($this->dbcon, $queryString)) { $this->msgEcho("쿼리 성공] ".$queryString); $rowss = ""; $row_cnt = mysqli_num_rows($result); for ($i=0; $i<$row_cnt; $i++) { 
$rowss[$i] = mysqli_fetch_object($result); } 
$result->free(); return $rowss; } else { $this->msgEcho("Error] ".$queryString); } 
} 
예제 파일 | join-05.php 
1 <?php 2 3 include "dbinfo.php"; 
4 include "mysql.class.php"; 5 6 // ++ Mysqli DB 연결. 7 $db = new JinyMysql(); 8 9 if ($rowss = $db->selfJoin("members","a.FirstName, b.LastName")) { 10 echo "tables fields = ". count($rowss) . "<br>"; 11 12 for ($i=0;$i<count($rowss);$i++) { 13 echo $i."="; 14 print_r($rowss[$i]); 15 echo "<br>"; 
16 } 
17 } 18 19 ?> 


화면 출력 
mysql connected! 쿼리 성공] SELECT a.FirstName, b.LastName from members as a JOIN members as b tables fields = 36 0=stdClass Object ( [FirstName] => lee [LastName] => hojin ) 1=stdClass Object ( [FirstName] => hojin [LastName] => hojin ) 2=stdClass Object ( [FirstName] => kim [LastName] => hojin ) 3=stdClass Object ( [FirstName] => jiny [LastName] => hojin ) 4=stdClass Object ( [FirstName] => jiny [LastName] => hojin ) 5=stdClass Object ( [FirstName] => jiny [LastName] => hojin ) 6=stdClass Object ( [FirstName] => lee [LastName] => lee ) 7=stdClass Object ( [FirstName] => hojin [LastName] => lee ) 8=stdClass Object ( [FirstName] => kim [LastName] => lee ) 9=stdClass Object ( [FirstName] => jiny [LastName] => lee ) 10=stdClass Object ( [FirstName] => jiny [LastName] => lee ) 11=stdClass Object ( [FirstName] => jiny [LastName] => lee ) 12=stdClass Object ( [FirstName] => lee [LastName] => james ) 13=stdClass Object ( [FirstName] => hojin [LastName] => james ) 14=stdClass Object ( [FirstName] => kim [LastName] => james ) 15=stdClass Object ( [FirstName] => jiny [LastName] => james ) 16=stdClass Object ( [FirstName] => jiny [LastName] => james ) 17=stdClass Object ( [FirstName] => jiny [LastName] => james ) 18=stdClass Object ( [FirstName] => lee [LastName] => 1234 ) 
19=stdClass Object ( [FirstName] => hojin [LastName] => 1234 ) 20=stdClass Object ( [FirstName] => kim [LastName] => 1234 ) 21=stdClass Object ( [FirstName] => jiny [LastName] => 1234 ) 22=stdClass Object ( [FirstName] => jiny [LastName] => 1234 ) 23=stdClass Object ( [FirstName] => jiny [LastName] => 1234 ) 24=stdClass Object ( [FirstName] => lee [LastName] => 1234 ) 25=stdClass Object ( [FirstName] => hojin [LastName] => 1234 ) 26=stdClass Object ( [FirstName] => kim [LastName] => 1234 ) 27=stdClass Object ( [FirstName] => jiny [LastName] => 1234 ) 28=stdClass Object ( [FirstName] => jiny [LastName] => 1234 ) 29=stdClass Object ( [FirstName] => jiny [LastName] => 1234 ) 30=stdClass Object ( [FirstName] => lee [LastName] => 123400 ) 31=stdClass Object ( [FirstName] => hojin [LastName] => 123400 ) 32=stdClass Object ( [FirstName] => kim [LastName] => 123400 ) 33=stdClass Object ( [FirstName] => jiny [LastName] => 123400 ) 34=stdClass Object ( [FirstName] => jiny [LastName] => 123400 ) 35=stdClass Object ( [FirstName] => jiny [LastName] => 123400 ) 

