
Chapter 
넘버투 PHP 
26 
내장 함수 
MySQL은 다양한 데이터 가공을 위해서 몇 가지 내장 함수를 제공합니다. 내장 함수는 주로 Select 키워드와 함께 사용하지만 몇몇 함수들은 테이블 속성 값이나 검색 조건 값 등으로도 사용할 수 있습니다. 
MySQL에서는 사용자 함수는 stored function(저장 함수)라고 부르기도 합니다. 내장 함 수는 연산과 관련된 산술 함수, 문자열 함수, 날짜 시간 관련 함수 등이 있습니다. 
26.1.산술 함수 
산술 함수는 컬럼의 데이터의 합계, 평균 등 값을 연산하는 유형의 기능을 하는 함수입 니다. 
데이터베이스의 값을 조회하여 PHP 프로그램에서 연산 처리를 할 수도 있습니다. 간단 한 유형의 산술 기능은 SQL 내장 함수를 통하여 데이터베이스 서버상에서 빠르게 처리할 수 있습니다. 
26.1.1 AVG () 
숫자형 컬럼 데이터의 경우 선택된 컬럼 필드의 평균값을 구할 수 있습니다. 평균값은 전 체의 값을 합산한 후에 총 개수로 나눈 값입니다. 
| 쿼리문법 | 
SELECT AVG (컬럼명) FROM 테이블명 WHERE 조건; 
테이블의 컬럼 전체, 또는 조건을 정하여 추출된 데이터를 기반으로 평균을 계산할 수도 있습니다. 또한 as 키워드를 통하여 별칭을 선언하여 평균값을 접근할 수 있습니다. 
| 예제 쿼리 | 
SELECT AVG(Price) FROM Products; 
| 콘솔 실습 화면 | 
//테이블의 데이터를 미리 확인합니다. mysql> select * from products; +----+--------+-------+-----+-------+ | Id | name | price | vat | stock | +----+--------+-------+-----+-------+ 
| 1 | S-827 | 20000 | 2000 |  5 |  
| 2 | S-532D | 36000 | 3600 |   7 |  
| 3 | R-530 | 25000 | 2500 |  10 |  

+----+--------+-------+-----+-------+ 3 rows in set (0.00 sec) 
//제품 테이블의 가격의 평균 값을 계산합니다. mysql> select avg(price) from products; +------------+ | avg(price) | +------------+ | 27000.0000 | 
+------------+ 1 row in set (0.01 sec) 
26.1.2 COUNT() 
select 키워드를 통하여 데이터를 조회할 경우에 조회된 데이터의 개수를 확인할 수 있습 
니다. 
콘솔상에서 명령을 실행할 때 출력 데이터의 개수가 화면에 표시가 됩니다. 하지만 PHP 
프로그램을 통하여 조회된 데이터의 개수를 파악을 하기 위해서는 데이터의 개수를 파악 
할 수 있는 함수를 사용해야 합니다. 
| 쿼리 문법 | 
SELECT count(컬럼명) from 테이블명; 
| 예제 쿼리 | 
select count(*) from products; 
| 콘솔 실습 화면 | 
//테이블의 데이터를 미리 확인합니다. mysql> select * from products; +----+--------+-------+------+-------+ | Id | name | price | vat | stock | +----+--------+-------+------+-------+ | 1 | S-827 | 20000 | 2000 |  5 | | 2 | S-532D | 36000 | 3600 |  7 | +----+--------+-------+------+-------+ 2 rows in set (0.00 sec) 
mysql> select count(*) from products; +----------+ | count(*) | +----------+ | 2 | +----------+ 1 row in set (0.00 sec) 
count() 함수의 인자로는 컬럼명을 입력합니다. 하지만 전체 컬럼을 의미하는 와일드 기 호를 사용할 수도 있습니다. 아스테리크 기호 *는 전체 컬럼을 선택하는 기호입니다. 
26.1.3 MAX() 
테이블 선택 조건에서 컬럼 필드의 최대값을 구합니다. 최대값은 조건상에서 존재하는 숫 
자형 데이터 값의 최대값을 출력합니다. 
| 쿼리 문법 | 
SELECT MAX (컬럼명) FROM 테이블명 WHERE 조건; 
| 콘솔 실습 화면 | 
mysql> select * from products; +----+--------+-------+------+------+ | Id | name  | price | vat  | stock | +----+--------+-------+------+------+ 
| 1 | S-827 | 20000 | 2000 |   5 |  
| 2 | S-532D | 36000 | 3600 |   7 |  
| 3 | R-530 | 25000 | 2500 |   10 |  

+----+--------+-------+------+------+ 3 rows in set (0.00 sec) 
mysql> select max(price) from products; +------------+ | max(price) | +------------+ | 36000 | +------------+ 1 row in set (0.00 sec) 
26.1.4 MIN() 
테이블 선택 조건에서 컬럼 필드의 최소값을 구합니다. 최소값은 조건상에서 존재하는 숫 자형 데이터 값의 최소값을 출력합니다. 
| 쿼리 문법 | 
SELECT MIN (컬럼명) FROM 테이블명 WHERE 조건; 
| 콘솔 실습 화면 | 
mysql> select min(price) from products; +------------+ | min(price) | +------------+ | 20000 | +------------+ 1 row in set (0.00 sec) 
26.1.5 ROUND() 
실수형 숫자값의 데이터의 경우 소수점 처리 반올림을 합니다. 반올림의 자릿수는 생략하 거나 소수점 이하 자릿수를 지정할 수 있습니다. 
| 쿼리 문법 | 
round (숫자, 자릿수); 
| 콘솔 실습 화면 | 
mysql> SELECT ROUND(-1.23), ROUND(-1.23,1); +--------------+----------------+ | ROUND(-1.23) | ROUND(-1.23,1) | +--------------+----------------+ | -1 | -1.2 | +--------------+----------------+ 1 row in set (0.00 sec) 
26.1.6 SUM() 
합계를 구합니다. 컬럼 필드가 숫자 타입일 때 전체 합계를 구합니다. 
| 쿼리 문법 | 
SELECT SUM(column_name) FROM table_name WHERE condition; 
| 콘솔 실습 화면 | 
mysql> select sum(price) from products; +------------+ | sum(price) | +------------+ | 81000 | +------------+ 1 row in set (0.00 sec) 
26.1.7 ABS(숫자) 
입력값의 절대값을 출력합니다. 절대값은 부호에 상관없이 0으로부터의 위치의 크기 값 
을 의미합니다. 
| 콘솔 실습 화면 | 
mysql> select abs(2), abs(-2); +--------+---------+ | abs(2) | abs(-2) | +--------+---------+ | 2 | 2 | +--------+---------+ 1 row in set (0.00 sec) 
26.1.8 CEILING(숫자) 
입력한 값보다 큰 정수 중에서 가장 작은 수를 출력합니다. 
| 콘솔 실습 화면 | 
mysql> SELECT CEILING(1.23), CEIL(-1.23); +---------------+-------------+ | CEILING(1.23) | CEIL(-1.23) | +---------------+-------------+ | 2 | -1 | +---------------+-------------+ 1 row in set (0.00 sec) 
변환된 데이터는 BIGINT형으로 반환됩니다. 
26.1.9 FLOOR(숫자) 
FLOOR()는 입력값보다 작은 정수 중 가장 큰 수를 반환합니다. 실수를 무조건 버립니다 (음수일 경우는 제외). 
| 콘솔 실습 화면 | 
mysql> SELECT FLOOR(1.23), FLOOR(-1.23); +-------------+--------------+ | FLOOR(1.23) | FLOOR(-1.23) | +-------------+--------------+ | 1 | -2 | +-------------+--------------+ 1 row in set (0.00 sec) 
26.1.10 TRUNCATE (숫자, 자릿수) 
숫자를 소수점 이하 자릿수에서 버리고, 숫자 X를 D 자릿수 뒤의 숫자를 없앤 후 반환합 니다. 만일 D가 0이면 반환되는 숫자는 소수점 또는 소수 부분이 없게 됩니다. D는 음수 로 표시할 수도 있는데 이렇게 표시하면 숫자 X의 D 자리로부터 왼쪽 부분이 0으로 표시 됩니다. 
| 콘솔 실습 화면 | 
mysql> SELECT TRUNCATE(1.223,1), TRUNCATE(1.999,1), TRUNCATE(1.999,0); +-------------------+-------------------+-------------------+ | TRUNCATE(1.223,1) | TRUNCATE(1.999,1) | TRUNCATE(1.999,0) | +-------------------+-------------------+-------------------+ | 1.2 | 1.9 | 1 | +-------------------+-------------------+-------------------+ 1 row in set (0.00 sec) 
mysql> SELECT TRUNCATE(-1.999,1), TRUNCATE(122,-2), TRUNCATE(10.28*100,0); +--------------------+------------------+-----------------------+ | TRUNCATE(-1.999,1) | TRUNCATE(122,-2) | TRUNCATE(10.28*100,0) | +--------------------+------------------+-----------------------+ | -1.9 | 100 | 1028 | +--------------------+------------------+-----------------------+ 1 row in set (0.00 sec) 
26.1.11 GREATEST (숫자1, 숫자2, 숫자3 ...) 
입력된 여러 개의 수 중에서 제일 큰 수를 반환합니다. 
| 콘솔 실습 화면 | 
mysql> select GREATEST(1,2,3,4,5,6,7); +-------------------------+ | GREATEST(1,2,3,4,5,6,7) | +-------------------------+ | 7 | +-------------------------+ 1 row in set (0.00 sec) 
26.1.12 LEAST(숫자1, 숫자2, 숫자3 ...) 
입력된 여러 개의 수 중에서 제일 작은 수를 반환합니다. 
| 콘솔 실습 화면 | 
mysql> select LEAST(1,2,3,4,5,6,7); +----------------------+ | LEAST(1,2,3,4,5,6,7) | +----------------------+ | 1 | +----------------------+ 1 row in set (0.00 sec) 
26.2.문자열 내장 함수 
26.2.1 CONCAT() 
문자열을 결합할 수 있습니다. 결합하고자 하는 컬럼 필드 또는 문자들은 콤마 (,)로 구분 합니다. 
| 콘솔 실습 화면 | 
mysql> select * from members; +----+----------+-----------+-------------+-------+---------+ | Id | LastName | FirstName | Address     | City | Country | +----+----------+-----------+-------------+-------+---------+ 
| 1 | hojin  | lee  | shinchon    | seoul | korea   |  
| 2 | jiny  | NULL  | NULL  | NULL | korea  |  
| 3 | james  | kim  | youngdun-po | seoul | korea   |  
| 4 | eric  | jung  | seocho-gu   | seoul | korea   |  

+----+----------+-----------+-------------+-------+---------+ 4 rows in set (0.00 sec) 
mysql> select concat(FirstName, ' ', LastName, '님') as customer from members; +--------------+ | customer | +--------------+ | lee hojin님 | | NULL | | kim james님 | | jung eric님 | +--------------+ 4 rows in set (0.00 sec) 
26.2.2 LEFT( )/RIGHT() 
컬럼의 데이터를 왼쪽/오른쪽부터 지정한 숫자만큼만 출력합니다. 
| 콘솔 실습 화면 | 
로 감싸 넣습니다.)'(그냥 문자를 넣는 경우에는 작은따옴표 
// 왼쪽부터 2글자만 출력합니다. mysql> select left(country,2) from members; +-----------------+ | left(country,2) | 
+-----------------+ 
| ko  |  
| ko  |  
| ko  |  
| ko  |  

+-----------------+ 4 rows in set (0.00 sec) 
// 오른쪽부터 3글자만 출력합니다. mysql> select right(country,3) from members; +------------------+ | right(country,3) | +------------------+ | rea | | rea | | rea | | rea | +------------------+ 4 rows in set (0.00 sec) 
26.2.3 LENGTH() 
문자열의 길이를 측정합니다. 
| 콘솔 실습 화면 | 
mysql> select name, length(name) from products; +--------+--------------+ | name | length(name) | +--------+--------------+ | S-827 | 5 | | S-532D | 6 | | R-530 | 5 | +--------+--------------+ 3 rows in set (0.00 sec) 
26.2.4 공백 제거 함수 
LTRIM()은 좌측의 공백을 제거합니다. RTRIM()은 우측의 공백을 제거합니다. 
| 콘솔 실습 화면 | 
mysql> select ltrim(' jiny '); +-----------------+ | ltrim(' jiny ') | +-----------------+ | jiny | +-----------------+ 1 row in set (0.00 sec) 
mysql> select rtrim(' jiny '); +-----------------+ | rtrim(' jiny ') | +-----------------+ | jiny | +-----------------+ 1 row in set (0.00 sec) 
26.2.5 SUBSTRING( )/MID() 
컬럼의 데이터의 일부분만 출력합니다. 
| 콘솔 실습 화면 | 
mysql> select substring(Country, 2,2) from members; +-------------------------+ | substring(Country, 2,2) | +-------------------------+ 
| or  |  
| or  |  
| or  |  
| or  |  

+-------------------------+ 4 rows in set (0.00 sec) 
26.2.6 REPLACE()   
문자열의 일부분을 치환할 수 있습니다. 
| 콘솔 실습 화면 | 
mysql> select * from products; +----+--------+-------+------+-------+ | Id | name  | price | vat | stock | +----+--------+-------+------+-------+ 
| 1 | S-827 | 20000 | 2000 |  5 |  
| 2 | S-532D | 36000 | 3600 |   7 |  
| 3 | R-530 | 25000 | 2500 |  10 |  

+----+--------+-------+------+-------+ 3 rows in set (0.00 sec) 
mysql> select replace(name, 'S-', 'shiny S-') from products; +---------------------------------+ | replace(name, 'S-', 'shiny S-') | +---------------------------------+ | shiny S-827 | | shiny S-532D | | R-530 | +---------------------------------+ 3 rows in set (0.00 sec) 
26.2.7 UPPER( )/UCASE() 
입력된 문자열을 대문자로 전환합니다. 
| 콘솔 실습 화면 | 
mysql> select UCASE('abcde'), UPPER('abcde'); +----------------+----------------+ | UCASE('abcde') | UPPER('abcde') | +----------------+----------------+ | ABCDE | ABCDE | 
+----------------+----------------+ 1 row in set (0.01 sec) 
26.2.8 LCASE() 
입력된 문자열을 소문자로 전환합니다. 
| 콘솔 실습 화면 | 
mysql> select name, LCASE(name) from products; +--------+-------------+ | name | LCASE(name) | +--------+-------------+ 
| S-827 | s-827  |  
| S-532D | s-532d  |  
| R-530 | r-530  |  

+--------+-------------+ 3 rows in set (0.01 sec) 
mysql> 
26.2.9 REPEAT (문자, 반복 횟수) 
입력된 문자열을 지정 횟수만큼 반복 출력합니다. 
| 콘솔 실습 화면 | 
mysql> select * from products; +----+--------+-------+------+-------+ | Id | name | price | vat | stock | +----+--------+-------+------+-------+ | 1 | S-827 | 20000 | 2000 | 5 | | 2 | S-532D | 36000 | 3600 | 7 | +----+--------+-------+------+-------+ 
2 rows in set (0.00 sec) 
mysql> select repeat('*',stock) from products; +-------------------+ | repeat('*',stock) | +-------------------+ | ***** | | ******* | +-------------------+ 2 rows in set (0.00 sec) 
재고 숫자만큼 *를 출력합니다. 
26.2.10 REVERSE() 
입력된 문자열을 거꾸로 뒤집습니다. 
| 콘솔 실습 화면 | 
mysql> select reverse(Country) from members; +------------------+ | reverse(Country) | +------------------+ 
| aerok  |  
| aerok  |  
| aerok  |  
| aerok  |  

+------------------+ 4 rows in set (0.00 sec) 
26.2.11 ASCII(문자) 
입력된 단일 문자의 아스키 코드값을 반환합니다. 
| 콘솔 실습 화면 | 
mysql> select ascii('a'); +------------+ | ascii('a') | +------------+ | 97 | +------------+ 1 row in set (0.00 sec) 
26.2.12 INSTR('문자열', '찾는 문자열') 
입력된 문자열 중 찾는 문자열의 위치 값을 출력합니다. 
| 콘솔 실습 화면 | 
mysql> select email, instr(email,'@') from members; +-------------------+------------------+ | email | instr(email,'@') | +-------------------+------------------+ 
| hojin@hojin.io  |  6 |  
| jiny@hojin.io  |  5 |  
| james@hojin.io  |  6 |  
| NULL  |  NULL |  
| NULL  |  NULL |  
| NULL  |  NULL |  
| NULL  |  NULL |  

+-------------------+------------------+ 7 rows in set (0.00 sec) 
mysql> 
26.2.13 IF(논리식, 참일 때 값, 거짓일 때 값) 
논리식이 참이면 참일 때 값을 출력하고 논리식이 거짓이면 거짓일 때 값을 출력합니다. 
| 콘솔 실습 화면 | 
mysql> select * from products; +----+--------+-------+------+-------+ | Id | name | price | vat | stock | +----+--------+-------+------+-------+ | 1 | S-827 | 20000 | 2000 | 5 | | 2 | S-532D | 36000 | 3600 | 7 | | 3 | R-530 | 25000 | 2500 | 10 | +----+--------+-------+------+-------+ 3 rows in set (0.00 sec) 
mysql> select stock, if(stock>5,'safeStock','Please order this') from products; +-------+---------------------------------------------+ | stock | if(stock>5,'safeStock','Please order this') | +-------+---------------------------------------------+ 
|  5 | Please order this  |  
|  7 | safeStock  |  
|  10 | safeStock  |  

+-------+---------------------------------------------+ 3 rows in set (0.00 sec) 
mysql> 
26.2.14 IFNULL(값1, 값2) 
값1이 NULL이면 값2로 대치하고 그렇지 않으면 값1을 출력합니다. 
| 콘솔 실습 화면 | 
mysql> select * from members; +----+----------+-----------+-------------+----------+--------+-------+ +---------------+-------------------------+ | Id | LastName | FirstName | Address | address2 | City | Country | | manager | email | +----+----------+-----------+-------------+----------+--------+-------+ 
+---------------+-------------------------+ 
|  1 | hojin  | lee  | shinchon  | NULL  | seoul | Korea  |  
| infohojin  | hojin@hojin.io  |  
|  2 | lee  | hojin  | NULL  | NULL  |  | Korea  |  
| infohojin  | jiny@hojin.io  |  
|  3 | james  | kim  | youngdun-po | NULL  | seoul | Korea   |  
| info  | james@hojin.io  |  
|  5 | 1234  | jiny  | NULL  | NULL  |  | Korea  |  
| NULL  | NULL  |  
|  6 | 1234  | jiny  | NULL  | NULL  |  | Korea  |  
| NULL  | NULL  |  
|  7 | 123400  | jiny  | NULL  | NULL  |  | Korea  |  
| NULL  | NULL  |  
| 100 | dfasdf | NULL  | NULL  | NULL  |  | NULL  |  
| NULL  | NULL  |  

+----+----------+-----------+-------------+----------+--------+-------+ +---------------+-------------------------+ 7 rows in set (0.00 sec) 
mysql> select email, ifnull(email,'empty') from members; +-------------------+----------------------+ | email | ifnull(email,'empty') | +-------------------+----------------------+ | hojin@hojin.io | hojin@hojin.io | | jiny@hojin.io | jiny@hojin.io | | james@hojin.io | james@hojin.io | | NULL | empty | | NULL | empty | | NULL | empty | | NULL | empty | +-------------------+----------------------+ 7 rows in set (0.01 sec) 
26.3.SQL 날짜 함수 
MySQL은 시간과 날짜는 ‘proleptic Gregorian calendar’ 그레고리력을 사용합니다. 또 
한 다양한 시간 관련 처리를 위한 내장 함수를 제공합니다. 
26.3.1 NOW( ), SYSDATE( ), CURRENT_TIMESTAMP() 
현재의 날짜와 시간을 출력합니다. 
| 콘솔 실습 화면 | 
mysql> select now(), sysdate(), current_timestamp(); +---------------------+---------------------+---------------------+ | now() | sysdate() | current_timestamp() | +---------------------+---------------------+---------------------+ | 2017-06-11 18:11:37 | 2017-06-11 18:11:37 | 2017-06-11 18:11:37 | +---------------------+---------------------+---------------------+ 1 row in set (0.01 sec) 
26.3.2 CURDATE() 
현재의 일자를 반환합니다. 
| 콘솔 실습 화면 | 
mysql> select curdate(), CURRENT_DATE(); +------------+----------------+ | curdate() | CURRENT_DATE() | +------------+----------------+ | 2017-06-11 | 2017-06-11 | +------------+----------------+ 1 row in set (0.00 sec) 
26.3.3 CURTIME() 
현재의 시간을 반환합니다. 
| 콘솔 실습 화면 | 
mysql> select curtime(), CURRENT_TIME(); +-----------+----------------+ | curtime() | CURRENT_TIME() | +-----------+----------------+ | 18:10:28 | 18:10:28 | +-----------+----------------+ 1 row in set (0.00 sec) 
26.3.4 DATE_ADD(날짜, INTERVAL 기준 값) 
날짜에서 기준 값만큼 더합니다. 
| 콘솔 실습 화면 | 
mysql> SELECT DATE_ADD('2017-01-02', INTERVAL 42 DAY); +-----------------------------------------+ | DATE_ADD('2017-01-02', INTERVAL 42 DAY) | +-----------------------------------------+ | 2017-02-13 | +-----------------------------------------+ 1 row in set (0.00 sec) 
mysql> SELECT DATE_ADD('2017-06-09', INTERVAL 1 MONTH); +------------------------------------------+ | DATE_ADD('2017-06-09', INTERVAL 1 MONTH) | +------------------------------------------+ | 2017-07-09 | +------------------------------------------+ 1 row in set (0.00 sec) 
mysql> SELECT DATE_ADD('2017-06-09', INTERVAL 1 YEAR); +-----------------------------------------+ | DATE_ADD('2017-06-09', INTERVAL 1 YEAR) | +-----------------------------------------+ | 2018-06-09 | 
+-----------------------------------------+ 1 row in set (0.00 sec) 
※ 기준 값: YEAR, MONTH, DAY, HOUR, MINUTE, SECOND 
26.3.5 DATE_SUB(날짜, INTERVAL 기준 값) 
날짜에서 기준 값만큼 뺍니다. 
| 콘솔 실습 화면 | 
mysql> SELECT DATE_SUB('2017-01-02', INTERVAL 42 DAY); +-----------------------------------------+ | DATE_SUB('2017-01-02', INTERVAL 42 DAY) | +-----------------------------------------+ | 2016-11-21 | +-----------------------------------------+ 1 row in set (0.00 sec) 
mysql> SELECT DATE_SUB('2017-06-09', INTERVAL 1 MONTH); +------------------------------------------+ | DATE_SUB('2017-06-09', INTERVAL 1 MONTH) | +------------------------------------------+ | 2017-05-09 | +------------------------------------------+ 1 row in set (0.00 sec) 
mysql> SELECT DATE_SUB('2017-06-09', INTERVAL 1 YEAR); +-----------------------------------------+ | DATE_SUB('2017-06-09', INTERVAL 1 YEAR) | +-----------------------------------------+ | 2016-06-09 | +-----------------------------------------+ 1 row in set (0.00 sec) 
※ 기준 값: YEAR, MONTH, DAY, HOUR, MINUTE, SECOND 
26.3.6 YEAR(날짜), MONTH(날짜), DAY (날짜) 
입력된 날짜에서 각각 연도, 월, 일을 찾아서 반환합니다. 
| 콘솔 실습 화면 | 
mysql> select year('2017-06-09'), month('2017-06-09'), day('2017-06-09'); +--------------------+---------------------+-------------------+ | year('2017-06-09') | month('2017-06-09') | day('2017-06-09') | +--------------------+---------------------+-------------------+ | 2017 | 6 | 9 | +--------------------+---------------------+-------------------+ 1 row in set (0.00 sec) 
26.3.7 HOUR( ), MINUTE( ), SECOND() 
시간, 분, 초를 반환합니다. 
| 콘솔 실습 화면 | 
mysql> select hour(now()), minute(now()), second(now()); +-------------+---------------+---------------+ | hour(now()) | minute(now()) | second(now()) | +-------------+---------------+---------------+ | 17 | 15 | 46 | +-------------+---------------+---------------+ 1 row in set (0.00 sec) 
26.3.8 MONTHNAME(날짜), DAYNAME (날짜) 
날짜의 월과 요일일 영어로 출력합니다. 
| 콘솔 실습 화면 | 
mysql> select MONTHNAME('2017-06-09'), DAYNAME('2017-06-09'); +-------------------------+-----------------------+ | MONTHNAME('2017-06-09') | DAYNAME('2017-06-09') | +-------------------------+-----------------------+ | June | Friday | +-------------------------+-----------------------+ 1 row in set (0.00 sec) 
26.3.9 DAYOFMONTH (날짜), 
날짜의 월별 일자를 출력합니다. 
| 콘솔 실습 화면 | 
mysql> select DAYOFMONTH('2017-06-09'); +--------------------------+ | DAYOFMONTH('2017-06-09') | +--------------------------+ | 9 | +--------------------------+ 1 row in set (0.00 sec) 
26.3.10 DAYOFWEEK (날짜) 
날짜의 주별 일자를 출력합니다(월요일(0), 화요일(1) ... 일요일(6)). 
| 콘솔 실습 화면 | 
ysql> select DAYOFWEEK('2017-06-09'); +-------------------------+ | DAYOFWEEK('2017-06-09') | +-------------------------+ | 6 | +-------------------------+ 1 row in set (0.00 sec) 
26.3.11 WEEKDAY (날짜) 
날짜의 주별 일자 출력합니다(월요일(0), 화요일(1) ... 일요일(6)). 
| 콘솔 실습 화면 | 
mysql> select WEEKDAY('2017-06-09'); +-----------------------+ | WEEKDAY('2017-06-09') | +-----------------------+ | 4 | +-----------------------+ 1 row in set (0.00 sec) 
26.3.12 QUARTER (날짜) 
입력한 날짜의 분기를 출력합니다. 
| 콘솔 실습 화면 | 
mysql> select quarter('2017-07-09'); +-----------------------+ | quarter('2017-07-09') | +-----------------------+ | 3 | +-----------------------+ 1 row in set (0.00 sec) 
26.3.13 DAYOFYEAR (날짜) 
일년을 기준으로 한 날짜까지의 날 수를 출력합니다. 
| 콘솔 실습 화면 | 
mysql> select DAYOFYEAR('2017-06-09'); +-------------------------+ | DAYOFYEAR('2017-06-09') | +-------------------------+ | 160 | +-------------------------+ 1 row in set (0.00 sec) 
26.3.14 WEEK(날짜) 
일년 중 몇 번째 주인지를 출력합니다. 
| 콘솔 실습 화면 | 
mysql> select WEEK('2017-06-09'); +--------------------+ | WEEK('2017-06-09') | +--------------------+ | 23 | +--------------------+ 1 row in set (0.00 sec) 
26.3.15 FROM_DAYS (날 수) 
0000년 00월 00일부터 날 수만큼 경과한 날의 날짜를 출력합니다. 
| 콘솔 실습 화면 | 
mysql> select from_days(736854); +-------------------+ | from_days(736854) | +-------------------+ | 2017-06-09 | +-------------------+ 1 row in set (0.00 sec) 
26.3.16 TO_DAYS (날짜) 
0000 년 00월 00일부터 날짜까지의 일자 수를 출력합니다. 
| 콘솔 실습 화면 | 
mysql> select to_days('2017-06-09'); +-----------------------+ | to_days('2017-06-09') | +-----------------------+ | 736854 | +-----------------------+ 1 row in set (0.00 sec) 
26.3.17 DATE_FORMAT (날짜, '형식') 
날짜를 형식에 맞게 출력합니다. 
| 콘솔 실습 화면 | 
mysql> select date_format(now(),'%Y %M %D %W'); +----------------------------------+ | date_format(now(),'%Y %M %D %W') | +----------------------------------+ | 2017 June 9th Friday | +----------------------------------+ 1 row in set (0.00 sec) 
26.3.18 TIME_FORMAT (날짜, '형식') 
시간과 형식을 문자열로 반환합니다. 
| 콘솔 실습 화면 | 
mysql> select time_format(now(),'%p %k %i'); +-------------------------------+ | time_format(now(),'%p %k %i') | +-------------------------------+ | PM 17 05 | +-------------------------------+ 1 row in set (0.00 sec) 
26.3.19 TIME_TO_SEC(시간) 
입력한 시간의 0시부터 초를 반환합니다. 
| 콘솔 실습 화면 | 
mysql> select time_to_sec(curtime()); +------------------------+ | time_to_sec(curtime()) | +------------------------+ | 61734 | +------------------------+ 1 row in set (0.00 sec) 
26.3.20 SEC_TO_TIME(N) 
0시부터 N초만큼 지난 시간을 반환합니다. 
| 콘솔 실습 화면 | 
mysql> select sec_to_time(1000); +-------------------+ | sec_to_time(1000) | +-------------------+ | 00:16:40 | +-------------------+ 1 row in set (0.00 sec) 
26.4.수학 함수 
26.4.1 PI() 
원주율을 계산하는 함수입니다. 
| 콘솔 실습 화면 | 
mysql> select pi(), 2*pi(); +----------+----------+ | pi() | 2*pi() | +----------+----------+ | 3.141593 | 6.283185 | +----------+----------+ 1 row in set (0.00 sec) 
26.4.2 POW(X,Y) or POWER(X,Y) 
입력된 X의 Y제곱을 계산합니다. 
| 콘솔 실습 화면 | 
mysql> SELECT POW(2,2), POW(2,-2); +----------+-----------+ | POW(2,2) | POW(2,-2) | +----------+-----------+ | 4 | 0.25 | +----------+-----------+ 1 row in set (0.00 sec) 
26.4.3 MOD(분자, 분모) 
연산자 %와 같이 입력된 분자를 분모로 나눈 나머지를 구합니다. 
| 콘솔 실습 화면 | 
mysql> SELECT MOD(234, 10), 253 % 7, MOD(29,9), 29 MOD 9; +--------------+---------+-----------+----------+ | MOD(234, 10) | 253 % 7 | MOD(29,9) | 29 MOD 9 | +--------------+---------+-----------+----------+ | 4 | 1 | 2 | 2 | +--------------+---------+-----------+----------+ 1 row in set (0.00 sec) 
26.4.4 SQRT(X) 
음수가 아닌 입력된 값의 제곱 루트 값을 출력합니다. 
| 콘솔 실습 화면 | 
mysql> SELECT SQRT(4), SQRT(20), SQRT(-16); +---------+------------------+----------+ | SQRT(4) | SQRT(20) | SQRT(-16) | +---------+------------------+----------+ | 2 | 4.47213595499958 | NULL | +---------+------------------+----------+ 1 row in set (0.00 sec) 
26.4.5 TAN(X) 
라디안으로 주어진 x의 탄젠트 값을 반환합니다. 
| 콘솔 실습 화면 | 
mysql> SELECT TAN(PI()), TAN(PI()+1); +-------------------------+--------------------+ | TAN(PI()) | TAN(PI()+1) | +-------------------------+--------------------+ | -1.2246467991473532e-16 | 1.5574077246549018 | +-------------------------+--------------------+ 1 row in set (0.01 sec) 
26.4.6 SIN(X) 
라디안으로 주어진 X의 사인(sin) 값을 반환합니다. 
| 콘솔 실습 화면 | 
mysql> SELECT SIN(PI()), ROUND(SIN(PI())); +------------------------+------------------+ | SIN(PI())  | ROUND(SIN(PI())) | +------------------------+------------------+ | 1.2246467991473532e-16 | 0 | +------------------------+------------------+ 1 row in set (0.00 sec) 
26.4.7 SIGN(X) 
인수의 부호를 -1, 0, 또는 1로 반환합니다. 반환되는 숫자는 각각 음수, 0, 양수를 표시 합니다. 
| 콘솔 실습 화면 | 
mysql> SELECT SIGN(-32), SIGN(0), SIGN(234); +-----------+---------+-----------+ | SIGN(-32) | SIGN(0) | SIGN(234) | +-----------+---------+-----------+ | -1 | 0 | 1 | +-----------+---------+-----------+ 1 row in set (0.01 sec) 
26.4.8 COT(X) 
입력된 X의 코 탄젠트 값을 반환합니다. 
| 콘솔 실습 화면 | 
mysql> SELECT COT(12); +---------------------+ | COT(12) | +---------------------+ | -1.5726734063976893 | +---------------------+ 1 row in set (0.00 sec) 
26.4.9 COS(X) 
입력된 X의 코사인 값을 반환하는데, 여기에서 X 는 라디안(radian)으로 주어집니다. 
| 콘솔 실습 화면 | 
mysql> SELECT COS(PI()); +-----------+ | COS(PI()) | +-----------+ | -1 | +-----------+ 1 row in set (0.00 sec) 
26.4.10 ATAN(X) 
X의 아크 탄젠트(arc tangent) 값을 반환합니다. 
| 콘솔 실습 화면 | 
mysql> SELECT ATAN(2), ATAN(-2); +--------------------+---------------------+ | ATAN(2) | ATAN(-2) | +--------------------+---------------------+ | 1.1071487177940904 | -1.1071487177940904 | +--------------------+---------------------+ 1 row in set (0.00 sec) 
26.4.11 ATAN(Y,X), ATAN2(Y,X) 
두 변수 X와 Y의 아크 탄젠트 값을 반환합니다. 이것은 Y/X의 아크 탄젠트 값을 계산하 는 방식과 유사하지만, 두 인수의 부호는 결과에 대한 쿼드런트 (quadrant)를 알아내기 위 해 사용된다는 점은 다릅니다. 
| 콘솔 실습 화면 | 
mysql> SELECT ATAN(-2,2), ATAN2(PI(),0); +---------------------+--------------------+ | ATAN(-2,2) | ATAN2(PI(),0) | +---------------------+--------------------+ | -0.7853981633974483 | 1.5707963267948966 | +---------------------+--------------------+ 1 row in set (0.01 sec) 
26.4.12 ACOS(X) 
X의 아크 코사인 (arc cosine) 값을 반환합니다. 코사인이 X인 값을 반환합니다. 만일 X가 
-1에서 1 사이의 범위에 있지 않으면 NULL을 반환합니다. 
| 콘솔 실습 화면 | 
mysql> SELECT ACOS(1), ACOS(1.0001), ACOS(0); +---------+--------------+--------------------+ | ACOS(1) | ACOS(1.0001) | ACOS(0) | +---------+--------------+--------------------+ | 0 | NULL | 1.5707963267948966 | +---------+--------------+--------------------+ 1 row in set (0.01 sec) 
26.4.13 ASIN(X) 
X의 아크 사인 값 (arc sine)을 반환합니다(사인 값이 X인 값) . 만일 X가 -1에서 1 사이의 범 
위에 있지 않으면 NULL을 반환합니다. 
| 콘솔 실습 화면 | 
mysql> SELECT ASIN(0.2); +--------------------+ | ASIN(0.2) | +--------------------+ | 0.2013579207903308 | 
+--------------------+ 1 row in set (0.00 sec) 
mysql> SELECT ASIN('foo'); +-------------+ | ASIN('foo') | +-------------+ | 0 | +-------------+ 1 row in set, 1 warning (0.00 sec) 
mysql> SHOW WARNINGS; +---------+------+-----------------------------------------+ | Level | Code | Message | +---------+------+-----------------------------------------+ | Warning | 1292 | Truncated incorrect DOUBLE value: 'foo'  | +---------+------+-----------------------------------------+ 1 row in set (0.00 sec) 
26.4.14 RADIANS(X) 
각도를 라디안으로 변경한 인수 X를 반환합니다(라디안은 180도와 같습니다). 
| 콘솔 실습 화면 | 
mysql> SELECT RADIANS(90); +--------------------+ | RADIANS(90) | +--------------------+ | 1.5707963267948966 | +--------------------+ 1 row in set (0.00 sec) 
26.4.15 LOG10(X) 
X의 베이스 -10 로그를 반환합니다. LOG10(X)는 LOG(10,X)와 같습니다. 
| 콘솔 실습 화면 | 
mysql> SELECT LOG10(2), LOG10(100), LOG10(-100); +--------------------+------------+-------------+ | LOG10(2)    | LOG10(100) | LOG10(-100) | +--------------------+------------+-------------+ | 0.3010299956639812 | 2 | NULL | +--------------------+------------+-------------+ 1 row in set (0.00 sec) 
26.4.16 LOG2(X) 
X의 베이스 -e 로그를 반환합니다. LOG2()는 스토리지용으로 필요한 비트의 수가 얼마 
나 되는지를 알아보는 데 유용합니다. 
| 콘솔 실습 화면 || 
mysql> SELECT LOG2(65536), LOG2(-100); +-------------+------------+ | LOG2(65536) | LOG2(-100) | +-------------+------------+ | 16 | NULL | +-------------+------------+ 1 row in set (0.00 sec) 
26.4.17 LOG(X), LOG(B,X) 
X의 자연 로그를 반환합니다. 매개변수 인자로 2개를 전달하면 부정 베이스(arbitrary base) B에 대한 X의 자연 로그를 반환합니다. LOG(B,X)는 LOG(X)/LOG(B)와 같습 니다. 
| 콘솔 실습 화면 | 
mysql> SELECT LOG(2), LOG(-2), LOG(2,65536), LOG(10,100); +--------------------+---------+--------------+-------------+ | LOG(2) | LOG(-2) | LOG(2,65536) | LOG(10,100) | +--------------------+---------+--------------+-------------+ | 0.6931471805599453 | NULL | 16 | 2 | +--------------------+---------+--------------+-------------+ 1 row in set (0.00 sec) 
26.4.18 LN(X) 
X의 자연 로그를 반환합니다. 
| 콘솔 실습 화면 | 
mysql> SELECT LN(2), LN(-2); +--------------------+--------+ | LN(2) | LN(-2) | +--------------------+--------+ | 0.6931471805599453 |  NULL | +--------------------+--------+ 1 row in set (0.01 sec) 
26.4.19 FORMAT(X,D) 
숫자 X의 형태를 '#,###,###.##'로 변경시키고, D 자릿수 위치에서 삭제한 다음에 그 결 과를 스트링으로 반환합니다. 
| 콘솔 실습 화면 | 
mysql> select format(123456789,'#,###,###.###'); +-----------------------------------+ | format(123456789,'#,###,###.###') | +-----------------------------------+ | 123,456,789 | +-----------------------------------+ 1 row in set, 1 warning (0.00 sec) 
26.4.20 EXP(X) 
입력된 X의 제곱에 대한 e(자연 로그 근) 값을 반환합니다. 
| 콘솔 실습 화면 | 
mysql> SELECT EXP(2), EXP(-2), EXP(0); +------------------+--------------------+--------+ | EXP(2) | EXP(-2) | EXP(0) | +------------------+--------------------+--------+ | 7.38905609893065 | 0.1353352832366127 | 1 | +------------------+--------------------+--------+ 1 row in set (0.01 sec) 
26.4.21 DEGREES(X) 
입력된 인수 X를 반환하는데 라디안에서 차수(degree)로 변경된 값을 출력합니다. 
| 콘솔 실습 화면 | 
mysql> SELECT DEGREES(PI()), DEGREES(PI() / 2); +---------------+-------------------+ | DEGREES(PI()) | DEGREES(PI() / 2) | +---------------+-------------------+ | 180 | 90 | +---------------+-------------------+ 1 row in set (0.01 sec) 
26.4.22 CRC32(expr) 
사이클릭 리던던시 체크 값 (cyclic redundancy check value)을 계산 후에 32비트 부호화되 지 않은 값을 반환합니다. 인수가 NULL이면 NULL을 반환합니다. 인수는 스트링 값이 되어야 합니다. 
| 콘솔 실습 화면 | 
mysql> SELECT CRC32('MySQL'), CRC32('mysql'); +----------------+----------------+ | CRC32('MySQL') | CRC32('mysql') | +----------------+----------------+ | 3259397556 | 2501908538 | +----------------+----------------+ 1 row in set (0.02 sec) 
26.4.23 RAND( ), RAND(N) 
RAND 함수는 0과 1 사이에 있는 임의 부동소수점 하나를 반환합니다. 만일, 인수로 정 수 N을 입력하면 이 값을 기본값으로 하여 반복 시퀀스를 출력합니다. 
| 콘솔 실습 화면 | 
mysql> SELECT RAND(); +---------------------+ | RAND() | +---------------------+ | 0.36988361773070283 | +---------------------+ 1 row in set (0.00 sec) 
mysql> SELECT RAND(20); +---------------------+ | RAND(20) | +---------------------+ | 0.15888261251047497 | 
+---------------------+ 1 row in set (0.00 sec) 
mysql> SELECT RAND(20); +---------------------+ | RAND(20) | +---------------------+ | 0.15888261251047497 | +---------------------+ 1 row in set (0.00 sec) 
26.5.기타 
MySQL은 쿼리 명령을 통하여 MySQL의 상태나 정보를 확인할 수 있는 내장 함수를 제 
공하고 있습니다. 유용한 함수 몇 가지만 여기서 소개하도록 하겠습니다. 
26.5.1 VERSION() 
현재 MySQL의 버전을 출력합니다. 만일 자신의 응용프로그램이 MySQL의 버전을 체크 
해야 한다면 이 함수를 사용하여 처리하면 좋을 듯합니다. 
| 콘솔 실습 화면 | 
mysql> select version(); +-----------+ | version() | +-----------+ | 5.6.35 | +-----------+ 1 row in set (0.00 sec) 
26.5.2 DATABASE() 
MySQL은 수많은 데이터베이스(폴더)명을 관리합니다. 현재 작업 선택되어 있는 데이터 베이스명을 출력합니다. 
| 콘솔 실습 화면 | 
mysql> select database(); +------------+ | database() | +------------+ | jiny | +------------+ 1 row in set (0.00 sec) 
26.5.3 USER() 
현재 접속된 user 정보를 출력합니다. 
| 콘솔 실습 화면 | 
mysql> select user(); +----------------+ | user() | +----------------+ | root@localhost | +----------------+ 1 row in set (0.00 sec) 
26.5.4 CHARSET(문자열) 
입력 매개 값(문자열)의 문자 코드 세트 정보를 출력합니다. 
| 콘솔 실습 화면 | 
mysql> select charset('jiny'); +-----------------+ | charset('jiny') | +-----------------+ | utf8 | +-----------------+ 1 row in set (0.00 sec) 
