I"ä-<h1 id="262ë¬¸ìì—´-ë‚´ì¥-í•¨ìˆ˜">26.2.ë¬¸ìì—´ ë‚´ì¥ í•¨ìˆ˜</h1>

<h2 id="2621-concat">26.2.1 CONCAT()</h2>
<p>ë¬¸ìì—´ì„ ê²°í•©í•  ìˆ˜ ìˆìŠµë‹ˆë‹¤. ê²°í•©í•˜ê³ ì í•˜ëŠ” ì»¬ëŸ¼ í•„ë“œ ë˜ëŠ” ë¬¸ìë“¤ì€ ì½¤ë§ˆ (,)ë¡œ êµ¬ë¶„ í•©ë‹ˆë‹¤.</p>

<p>| ì½˜ì†” ì‹¤ìŠµ í™”ë©´ |</p>
<div class="highlighter-rouge"><div class="highlight"><pre class="highlight"><code>mysql&gt; select * from members;
+----+----------+-----------+-------------+-------+---------+
| Id | LastName | FirstName | Address     | City  | Country |
+----+----------+-----------+-------------+-------+---------+
|  1 | hojin    | lee       | shinchon    | seoul | korea   |
|  2 | jiny     | NULL      | NULL        | NULL  | korea   |
|  3 | james    | kim       | youngdun-po | seoul | korea   |
|  4 | eric     | jung      | seocho-gu   | seoul | korea   |
+----+----------+-----------+-------------+-------+---------+
4 rows in set (0.00 sec)

mysql&gt; select concat(FirstName, ' ', LastName, 'ë‹˜') as customer from members;
+--------------+
| customer     |
+--------------+
| lee hojinë‹˜  |
| NULL         |
| kim jamesë‹˜  |
| jung ericë‹˜  |
+--------------+
4 rows in set (0.00 sec)

</code></pre></div></div>
<p>ê·¸ëƒ¥ ë¬¸ìë¥¼ ë„£ëŠ” ê²½ìš°ì—ëŠ” ì‘ì€ë”°ì˜´í‘œ(â€˜)ë¡œ ê°ì‹¸ì„œ ë„£ìŠµë‹ˆë‹¤.</p>

<h2 id="2622-left-right">26.2.2 LEFT( )/RIGHT()</h2>
<p>ì»¬ëŸ¼ì˜ ë°ì´í„°ë¥¼ ì™¼ìª½/ì˜¤ë¥¸ìª½ë¶€í„° ì§€ì •í•œ ìˆ«ìë§Œí¼ë§Œ ì¶œë ¥í•©ë‹ˆë‹¤.</p>

<p>| ì½˜ì†” ì‹¤ìŠµ í™”ë©´ |</p>
<div class="highlighter-rouge"><div class="highlight"><pre class="highlight"><code>// ì™¼ìª½ë¶€í„° 2ê¸€ìë§Œ ì¶œë ¥í•©ë‹ˆë‹¤.
mysql&gt; select left(country,2) from members;
+-----------------+
| left(country,2) |
+-----------------+
| ko              |
| ko              |
| ko              |
| ko              |
+-----------------+
4 rows in set (0.00 sec)

// ì˜¤ë¥¸ìª½ë¶€í„° 3ê¸€ìë§Œ ì¶œë ¥í•©ë‹ˆë‹¤.
mysql&gt; select right(country,3) from members;
+------------------+
| right(country,3) |
+------------------+
| rea              |
| rea              |
| rea              |
| rea              |
+------------------+
4 rows in set (0.00 sec)

</code></pre></div></div>

<h2 id="2623-length">26.2.3 LENGTH()</h2>
<p>ë¬¸ìì—´ì˜ ê¸¸ì´ë¥¼ ì¸¡ì •í•©ë‹ˆë‹¤.</p>

<p>| ì½˜ì†” ì‹¤ìŠµ í™”ë©´ |</p>
<div class="highlighter-rouge"><div class="highlight"><pre class="highlight"><code>mysql&gt; select name, length(name) from products;
+--------+--------------+
| name   | length(name) |
+--------+--------------+
| S-827  |            5 |
| S-532D |            6 |
| R-530  |            5 |
+--------+--------------+
3 rows in set (0.00 sec)

</code></pre></div></div>

<h2 id="2624-ê³µë°±-ì œê±°-í•¨ìˆ˜">26.2.4 ê³µë°± ì œê±° í•¨ìˆ˜</h2>
<p>LTRIM()ì€ ì¢Œì¸¡ì˜ ê³µë°±ì„ ì œê±°í•©ë‹ˆë‹¤. RTRIM()ì€ ìš°ì¸¡ì˜ ê³µë°±ì„ ì œê±°í•©ë‹ˆë‹¤.</p>

<p>| ì½˜ì†” ì‹¤ìŠµ í™”ë©´ |</p>
<div class="highlighter-rouge"><div class="highlight"><pre class="highlight"><code>mysql&gt; select ltrim(' jiny ');
+-----------------+
| ltrim(' jiny ') |
+-----------------+
| jiny            |
+-----------------+
1 row in set (0.00 sec)

mysql&gt; select rtrim(' jiny ');
+-----------------+
| rtrim(' jiny ') |
+-----------------+
|  jiny           |
+-----------------+
1 row in set (0.00 sec)

</code></pre></div></div>

<h2 id="2625-substring-mid">26.2.5 SUBSTRING( )/MID()</h2>
<p>ì»¬ëŸ¼ì˜ ë°ì´í„°ì˜ ì¼ë¶€ë¶„ë§Œ ì¶œë ¥í•©ë‹ˆë‹¤.</p>

<p>| ì½˜ì†” ì‹¤ìŠµ í™”ë©´ |</p>
<div class="highlighter-rouge"><div class="highlight"><pre class="highlight"><code>mysql&gt; select substring(Country, 2,2) from members;
+-------------------------+
| substring(Country, 2,2) |
+-------------------------+
| or                      |
| or                      |
| or                      |
| or                      |
+-------------------------+
4 rows in set (0.00 sec)

</code></pre></div></div>

<h2 id="2626-replace">26.2.6 REPLACE()</h2>
<p>ë¬¸ìì—´ì˜ ì¼ë¶€ë¶„ì„ ì¹˜í™˜í•  ìˆ˜ ìˆìŠµë‹ˆë‹¤.</p>

<p>| ì½˜ì†” ì‹¤ìŠµ í™”ë©´ |</p>
<div class="highlighter-rouge"><div class="highlight"><pre class="highlight"><code>mysql&gt; select * from products;
+----+--------+-------+------+-------+
| Id | name   | price | vat  | stock |
+----+--------+-------+------+-------+
|  1 | S-827  | 20000 | 2000 |     5 |
|  2 | S-532D | 36000 | 3600 |     7 |
|  3 | R-530  | 25000 | 2500 |    10 |
+----+--------+-------+------+-------+
3 rows in set (0.00 sec)

mysql&gt; select replace(name, 'S-', 'shiny S-') from products;
+---------------------------------+
| replace(name, 'S-', 'shiny S-') |
+---------------------------------+
| shiny S-827                     |
| shiny S-532D                    |
| R-530                           |
+---------------------------------+
3 rows in set (0.00 sec)

</code></pre></div></div>

<h2 id="2627-upper-ucase">26.2.7 UPPER( )/UCASE()</h2>
<p>ì…ë ¥ëœ ë¬¸ìì—´ì„ ëŒ€ë¬¸ìë¡œ ì „í™˜í•©ë‹ˆë‹¤.</p>

<p>| ì½˜ì†” ì‹¤ìŠµ í™”ë©´ |</p>
<div class="highlighter-rouge"><div class="highlight"><pre class="highlight"><code>mysql&gt; select UCASE('abcde'), UPPER('abcde');
+----------------+----------------+
| UCASE('abcde') | UPPER('abcde') |
+----------------+----------------+
| ABCDE          | ABCDE          |
+----------------+----------------+
1 row in set (0.01 sec)

</code></pre></div></div>

<h2 id="2628-lcase">26.2.8 LCASE()</h2>
<p>ì…ë ¥ëœ ë¬¸ìì—´ì„ ì†Œë¬¸ìë¡œ ì „í™˜í•©ë‹ˆë‹¤.</p>

<p>| ì½˜ì†” ì‹¤ìŠµ í™”ë©´ |</p>
<div class="highlighter-rouge"><div class="highlight"><pre class="highlight"><code>mysql&gt; select name, LCASE(name) from products;
+--------+-------------+
| name   | LCASE(name) |
+--------+-------------+
| S-827  | s-827       |
| S-532D | s-532d      |
| R-530  | r-530       |
+--------+-------------+
3 rows in set (0.01 sec)

mysql&gt;

</code></pre></div></div>

<h2 id="2629-repeat-ë¬¸ì-ë°˜ë³µ-íšŸìˆ˜">26.2.9 REPEAT (ë¬¸ì, ë°˜ë³µ íšŸìˆ˜)</h2>
<p>ì…ë ¥ëœ ë¬¸ìì—´ì„ ì§€ì • íšŸìˆ˜ë§Œí¼ ë°˜ë³µ ì¶œë ¥í•©ë‹ˆë‹¤.</p>

<p>| ì½˜ì†” ì‹¤ìŠµ í™”ë©´ |</p>
<div class="highlighter-rouge"><div class="highlight"><pre class="highlight"><code>mysql&gt; select * from products;
+----+--------+-------+------+-------+
| Id | name   | price | vat  | stock |
+----+--------+-------+------+-------+
|  1 | S-827  | 20000 | 2000 |     5 |
|  2 | S-532D | 36000 | 3600 |     7 |
+----+--------+-------+------+-------+
2 rows in set (0.00 sec)

mysql&gt; select repeat('*',stock) from products;
+-------------------+
| repeat('*',stock) |
+-------------------+
| *****             |
| *******           |
+-------------------+
2 rows in set (0.00 sec)

</code></pre></div></div>

<p>ì¬ê³  ìˆ«ìë§Œí¼ *ë¥¼ ì¶œë ¥í•©ë‹ˆë‹¤.</p>

<h2 id="26210-reverse">26.2.10 REVERSE()</h2>
<p>ì…ë ¥ëœ ë¬¸ìì—´ì„ ê±°ê¾¸ë¡œ ë’¤ì§‘ìŠµë‹ˆë‹¤.</p>

<p>| ì½˜ì†” ì‹¤ìŠµ í™”ë©´ |</p>
<div class="highlighter-rouge"><div class="highlight"><pre class="highlight"><code>mysql&gt; select reverse(Country) from members;
+------------------+
| reverse(Country) |
+------------------+
| aerok            |
| aerok            |
| aerok            |
| aerok            |
+------------------+
4 rows in set (0.00 sec)

</code></pre></div></div>

<h2 id="26211-asciië¬¸ì">26.2.11 ASCII(ë¬¸ì)</h2>
<p>ì…ë ¥ëœ ë‹¨ì¼ ë¬¸ìì˜ ì•„ìŠ¤í‚¤ ì½”ë“œê°’ì„ ë°˜í™˜í•©ë‹ˆë‹¤.</p>

<p>| ì½˜ì†” ì‹¤ìŠµ í™”ë©´ |</p>
<div class="highlighter-rouge"><div class="highlight"><pre class="highlight"><code>mysql&gt; select ascii('a');
+------------+
| ascii('a') |
+------------+
|         97 |
+------------+
1 row in set (0.00 sec)

</code></pre></div></div>

<h2 id="26212-instrë¬¸ìì—´-ì°¾ëŠ”-ë¬¸ìì—´">26.2.12 INSTR(â€˜ë¬¸ìì—´â€™, â€˜ì°¾ëŠ” ë¬¸ìì—´â€™)</h2>
<p>ì…ë ¥ëœ ë¬¸ìì—´ ì¤‘ ì°¾ëŠ” ë¬¸ìì—´ì˜ ìœ„ì¹˜ ê°’ì„ ì¶œë ¥í•©ë‹ˆë‹¤.</p>

<p>| ì½˜ì†” ì‹¤ìŠµ í™”ë©´ |</p>
<div class="highlighter-rouge"><div class="highlight"><pre class="highlight"><code>mysql&gt; select email, instr(email,'@') from members;
+-------------------+------------------+
| email             | instr(email,'@') |
+-------------------+------------------+
| hojin@jinyphp.com |                6 |
| jiny@jinyphp.com  |                5 |
| james@jinyphp.com |                6 |
| NULL              |             NULL |
| NULL              |             NULL |
| NULL              |             NULL |
| NULL              |             NULL |
+-------------------+------------------+
7 rows in set (0.00 sec)

mysql&gt;

</code></pre></div></div>

<h2 id="26213-ifë…¼ë¦¬ì‹-ì°¸ì¼-ë•Œ-ê°’-ê±°ì§“ì¼-ë•Œ-ê°’">26.2.13 IF(ë…¼ë¦¬ì‹, ì°¸ì¼ ë•Œ ê°’, ê±°ì§“ì¼ ë•Œ ê°’)</h2>
<p>ë…¼ë¦¬ì‹ì´ ì°¸ì´ë©´ ì°¸ì¼ ë•Œ ê°’ì„ ì¶œë ¥í•˜ê³  ë…¼ë¦¬ì‹ì´ ê±°ì§“ì´ë©´ ê±°ì§“ì¼ ë•Œ ê°’ì„ ì¶œë ¥í•©ë‹ˆë‹¤.</p>

<p>| ì½˜ì†” ì‹¤ìŠµ í™”ë©´ |</p>
<div class="highlighter-rouge"><div class="highlight"><pre class="highlight"><code>mysql&gt; select * from products;
+----+--------+-------+------+-------+
| Id | name   | price | vat  | stock |
+----+--------+-------+------+-------+
|  1 | S-827  | 20000 | 2000 |     5 |
|  2 | S-532D | 36000 | 3600 |     7 |
|  3 | R-530  | 25000 | 2500 |    10 |
+----+--------+-------+------+-------+
3 rows in set (0.00 sec)

mysql&gt; select stock, if(stock&gt;5,'safeStock','Please order this') from products;
+-------+---------------------------------------------+
| stock | if(stock&gt;5,'safeStock','Please order this') |
+-------+---------------------------------------------+
|     5 | Please order this                           |
|     7 | safeStock                                   |
|    10 | safeStock                                   |
+-------+---------------------------------------------+
3 rows in set (0.00 sec)

mysql&gt;

</code></pre></div></div>

<h2 id="26214-ifnullê°’1-ê°’2">26.2.14 IFNULL(ê°’1, ê°’2)</h2>
<p>ê°’1ì´ NULLì´ë©´ ê°’2ë¡œ ëŒ€ì¹˜í•˜ê³  ê·¸ë ‡ì§€ ì•Šìœ¼ë©´ ê°’1ì„ ì¶œë ¥í•©ë‹ˆë‹¤.</p>

<p>| ì½˜ì†” ì‹¤ìŠµ í™”ë©´ |</p>
<div class="highlighter-rouge"><div class="highlight"><pre class="highlight"><code>mysql&gt; select * from members;
+-----+----------+-----------+-------------+----------+-------+---------+-----------+-------------------+
| Id  | LastName | FirstName | Address     | address2 | City  | Country | manager   | email             |
+-----+----------+-----------+-------------+----------+-------+---------+-----------+-------------------+
|   1 | hojin    | lee       | shinchon    | NULL     | seoul | Korea   | infohojin | hojin@jinyphp.com |
|   2 | lee      | hojin     | NULL        | NULL     |       | Korea   | infohojin | jiny@jinyphp.com  |
|   3 | james    | kim       | youngdun-po | NULL     | seoul | Korea   | info      | james@jinyphp.com |
|   5 | 1234     | jiny      | NULL        | NULL     |       | Korea   | NULL      | NULL              |
|   6 | 1234     | jiny      | NULL        | NULL     |       | Korea   | NULL      | NULL              |
|   7 | 123400   | jiny      | NULL        | NULL     |       | Korea   | NULL      | NULL              |
| 100 | dfasdf   | NULL      | NULL        | NULL     |       | NULL    | NULL      | NULL              |
+-----+----------+-----------+-------------+----------+-------+---------+-----------+-------------------+
7 rows in set (0.00 sec)

mysql&gt; select email, ifnull(email,'empty') from members;
+-------------------+-----------------------+
| email             | ifnull(email,'empty') |
+-------------------+-----------------------+
| hojin@jinyphp.com | hojin@jinyphp.com     |
| jiny@jinyphp.com  | jiny@jinyphp.com      |
| james@jinyphp.com | james@jinyphp.com     |
| NULL              | empty                 |
| NULL              | empty                 |
| NULL              | empty                 |
| NULL              | empty                 |
+-------------------+-----------------------+
7 rows in set (0.01 sec)

</code></pre></div></div>
:ET