---
layout: page
title: "14.2.그룹"
--- 
데이터를 검색할 때 정렬 기능 이외에 같이 사용하는 명령 중에서 그룹이 있습니다. 그룹은 컬럼의 값을 기준으로 동일한 내용을 갖는 값들끼리 그룹으로 지정하여 출력하는 것입 
니다.  

컬럼의 값을 기준으로 그룹을 설정하는데 SELECT 쿼리 마지막에 GROUP BY 키워드를 추가하여 사용하면 됩니다.  

| 쿼리 문법 |
```sql 
~ GROUP BY 그룹 컬럼명; 
```

## 14.2.1 쿼리 실습 
회원 목록을 도시별로 그룹화화여 출력을 해봅니다. 먼저 그룹화 전의 데이터를 확인해 봅니다.  

| 콘솔 실습 화면 | 
```
mysql> select * from members;
+----+----------+-----------+-------------+-------+---------+-----------+-------------------+
| Id | LastName | FirstName | Address     | City  | Country | manager   | email             |
+----+----------+-----------+-------------+-------+---------+-----------+-------------------+
|  1 | hojin    | lee       | shinchon    | seoul | korea   | infohojin | hojin@jinyphp.com |
|  2 | jiny     | NULL      | NULL        | NULL  | korea   | infohojin | jiny@jinyphp.com  |
|  3 | james    | kim       | youngdun-po | seoul | korea   | info      | james@jinyphp.com |
|  4 | eric     | jung      | seocho-gu   | busan | korea   | info      | eric@jinyphp.com  |
+----+----------+-----------+-------------+-------+---------+-----------+-------------------+
4 rows in set (0.00 sec)
 
```

이번에는 도시별로 그룹화 처리한 쿼리 명령을 생성하여 실행해 봅니다.  

| 예제 쿼리 | 
```sql
select * from members group by City; 
```

| 콘솔 실습 화면 | 
```
mysql> select * from members group by City;
+----+----------+-----------+-----------+-------+---------+-----------+-------------------+
| Id | LastName | FirstName | Address   | City  | Country | manager   | email             |
+----+----------+-----------+-----------+-------+---------+-----------+-------------------+
|  2 | jiny     | NULL      | NULL      | NULL  | korea   | infohojin | jiny@jinyphp.com  |
|  4 | eric     | jung      | seocho-gu | busan | korea   | info      | eric@jinyphp.com  |
|  1 | hojin    | lee       | shinchon  | seoul | korea   | infohojin | hojin@jinyphp.com |
+----+----------+-----------+-----------+-------+---------+-----------+-------------------+
3 rows in set (0.00 sec)

```

GROUP BY 컬럼을 기준으로 각각 1개의 데이터만 출력됩니다. 그룹 설정은 테이블의 데이터의 종류를 판별할 때 매우 유용합니다.  

## 14.2.2 각 그룹의 개수 
GROUP BY 는 중복되지 않은 컬럼의 값 1개씩만 출력됩니다. 내장 함수 count()를 이용하면 각각의 그룹의 개수를 확인할 수 있습니다.  

| 예제 쿼리 | 
```sql
SELECT City, count(*) from members group by City; 
```

| 콘솔 실습 화면 | 
```
mysql> SELECT City, count(*) from members group by City;
+-------+----------+
| City  | count(*) |
+-------+----------+
| NULL  |        1 |
| busan |        1 |
| seoul |        2 |
+-------+----------+
3 rows in set (0.00 sec)

```

GROUP BY 명령어는 하나이상의 컬럼을 그룹화 처리가 가능합니다. 한 예로 어떤 컬럼 의 수를 카운트하거나 최대값, 최소값, 합계, 평균 등의 작업을 할 때 유용하게 사용할 수 
있습니다.  

## 14.2.3 PHP 실습 
PHP 코드를 통하여 그룹 기능을 실습합니다.  

| PHP 예제 | 
mysql.class.php 파일에 메서드 예제를 추가합니다. 
```php
public function groupBy($query,$by)
{
	return $query . " GROUP BY " . $by;
}

```

예제 파일 | groupby-01.php 
```php
<?php

	include "dbinfo.php";
	include "mysql.class.php";
 
	// ++ Mysqli DB 연결.
	$db = new JinyMysql();

	$query = "select FirstName, LastName, City, Country from members";
	$queryString = $db->groupBy($query,"City");

	if($rowss = $db->selectRowss($queryString)){
		echo "tables fields = ". count($rowss) . "<br>";
 
		for($i=0;$i<count($rowss);$i++){
			echo $i."=";            
			print_r($rowss[$i]);
			echo "<br>";
		}
	}

?>

```

화면 출력 
```
mysql connected!
쿼리성공] select FirstName, LastName, City, Country from members GROUP BY City
tables fields = 2
0=stdClass Object ( [FirstName] => hojin [LastName] => lee [City] => [Country] => Korea )
1=stdClass Object ( [FirstName] => lee [LastName] => hojin [City] => seoul [Country] => Korea ) 

```